PEKERJAAN,STATUS_PERNIKAHAN,PRODUK,SUB_PRODUK,PLAFOND,JK_WAKTUBULAN,HASIL_PRESCREENING_SLIK,HASIL_PRESCREENING_SIKPKUR,HASIL_PRESCREENING_DUKCAPIL,HASIL_PRESCREENING_DHNBI,HASIL_PRESCREENING_1,STATUS,KOLEKTABILITAS
37,2,0,0,141200000.0,60,1,0,0,0,0,0,1
9,0,0,0,418000000.0,126,0,0,0,0,0,3,3
9,2,0,0,265500000.0,192,1,0,0,0,0,0,1
37,2,0,0,305000000.0,109,1,0,0,0,0,0,1
37,2,0,0,91000000.0,60,0,0,0,0,0,3,3
37,2,0,1,177100000.0,161,2,0,0,1,1,2,2
99,2,1,2,125000000.0,60,2,2,0,0,2,2,2
9,0,0,0,50000000.0,30,1,0,0,0,0,0,1
37,1,0,0,110000000.0,48,2,0,0,1,1,2,2
9,2,0,0,110000000.0,60,2,0,0,1,1,2,2
37,2,0,0,165000000.0,120,0,0,0,0,0,3,3
5,2,0,0,105000000.0,48,1,0,0,0,0,0,1
13,2,1,2,200000000.0,24,1,3,0,0,0,0,1
99,2,0,1,290000000.0,60,0,0,0,0,0,3,3
19,2,0,0,150000000.0,48,1,0,0,0,0,0,1
9,2,0,0,378800000.0,149,1,0,0,0,0,0,1
5,2,0,1,162300000.0,180,0,0,0,0,0,3,3
6,2,1,2,150000000.0,36,1,3,0,0,0,0,1
31,2,0,0,72400000.0,180,1,0,0,0,0,0,1
19,2,0,0,250000000.0,84,0,0,0,0,0,3,3
19,2,0,0,566200000.0,180,2,0,0,1,1,2,2
3,2,0,0,30000000.0,36,2,0,0,1,1,2,2
37,2,0,0,336000000.0,180,1,0,1,0,0,0,1
99,2,0,0,24500000.0,10,2,0,0,1,1,2,2
5,2,0,0,189900000.0,73,2,0,0,1,1,2,2
13,2,1,2,15000000.0,36,0,2,0,0,2,2,5
5,0,0,0,100000000.0,60,1,0,0,0,0,0,1
13,2,1,2,84000000.0,60,1,3,0,0,0,0,1
19,2,0,0,650000000.0,180,0,0,0,0,0,3,3
37,2,0,0,102000000.0,60,1,0,0,0,0,0,1
19,2,0,0,528700000.0,180,1,0,0,0,0,0,1
5,2,0,0,28000000.0,36,0,0,0,0,0,3,3
9,2,0,0,264000000.0,60,1,0,0,0,0,0,1
9,2,0,0,120000000.0,96,1,0,0,0,0,0,1
19,0,0,0,173000000.0,61,0,0,0,0,0,3,3
13,1,1,2,450000000.0,60,2,2,0,0,2,2,2
34,2,1,2,500000000.0,60,2,2,0,0,2,2,2
13,2,1,2,225000000.0,24,1,3,0,0,0,0,1
9,2,0,0,92000000.0,48,2,0,0,1,1,2,2
13,0,1,2,200000000.0,60,2,2,0,0,2,2,2
37,2,0,0,396900000.0,208,0,0,0,0,0,3,3
36,2,0,0,460396788.0,112,1,0,0,0,0,0,1
19,1,0,0,280000000.0,120,1,0,0,0,0,0,1
37,2,0,0,100000000.0,84,0,0,0,0,0,3,3
37,2,0,0,260926762.0,107,1,0,0,0,0,0,1
9,2,0,0,150000000.0,39,1,0,0,0,0,0,1
19,2,0,0,216580000.0,57,0,0,0,0,0,3,3
37,2,0,0,220000000.0,120,1,0,0,0,0,0,1
9,2,0,0,50000000.0,60,1,0,0,0,0,0,1
11,2,0,0,19700000.0,85,0,0,0,0,0,3,3
13,2,1,2,300000000.0,60,2,2,1,0,2,2,2
9,0,0,0,100000000.0,48,2,0,0,1,1,2,2
13,0,1,2,25000000.0,24,1,3,1,0,0,0,1
11,2,0,0,65000000.0,36,2,0,0,1,1,2,2
37,2,0,0,294000000.0,156,2,0,0,1,1,2,2
37,2,0,0,500000000.0,96,0,0,0,0,0,3,3
13,0,1,3,47000000.0,48,1,3,0,0,0,0,1
37,2,0,0,309000000.0,121,1,0,0,0,0,0,1
31,2,0,0,245800000.0,156,0,0,0,0,0,3,3
11,2,0,0,4900000.0,28,1,0,0,0,0,0,1
37,2,0,0,283100000.0,180,1,0,0,0,0,0,1
31,0,0,0,209400000.0,168,0,0,0,0,0,3,3
9,2,0,0,167800000.0,60,1,0,0,0,0,0,1
99,0,0,1,300000000.0,120,1,0,0,0,0,0,1
37,0,0,0,214000000.0,48,0,0,0,0,0,3,3
37,0,0,0,200000000.0,116,2,0,0,1,1,2,2
37,2,0,1,335412000.0,216,2,0,0,1,1,2,2
37,2,0,0,350000000.0,180,1,0,0,0,0,0,1
3,2,0,1,200000000.0,120,2,0,0,1,1,2,2
13,2,1,2,110000000.0,36,2,2,1,0,2,2,2
7,2,0,0,15000000.0,36,0,0,0,0,0,3,3
99,2,0,0,23065000.0,10,1,0,0,0,0,0,1
99,2,0,0,75000000.0,60,1,0,0,0,0,0,1
37,2,0,0,31500000.0,69,0,0,0,0,0,3,3
13,0,1,2,300000000.0,60,1,3,0,0,0,0,1
37,2,0,0,344000000.0,60,1,0,0,0,0,0,1
9,2,0,0,52000000.0,60,0,0,0,0,0,3,3
9,2,0,0,75000000.0,60,1,0,0,0,0,0,1
5,2,0,0,233500000.0,36,1,0,0,0,0,0,1
13,2,1,2,25000000.0,12,0,2,0,0,2,2,5
19,2,0,0,305000000.0,84,2,0,0,1,1,2,2
11,2,0,0,40000000.0,48,2,0,0,1,1,2,2
5,2,0,0,200000000.0,84,1,0,0,0,0,0,1
99,2,0,0,24300000.0,10,2,0,0,1,1,2,2
5,2,0,0,327500000.0,120,2,0,0,1,1,2,2
99,2,0,0,33000000.0,60,0,0,0,0,0,3,3
31,2,0,0,230400000.0,180,1,0,0,0,0,0,1
5,0,0,0,632000000.0,84,1,0,0,0,0,0,1
37,1,0,0,136000000.0,48,0,0,0,0,0,3,3
9,2,0,0,83000000.0,60,1,0,0,0,0,0,1
12,0,0,0,25000000.0,11,1,0,0,0,0,0,1
37,0,0,0,179394147.0,99,0,0,0,0,0,3,3
37,0,0,0,24800000.0,10,1,0,0,0,0,0,1
31,2,0,0,190000000.0,180,1,0,0,0,0,0,1
9,2,0,0,200000000.0,120,0,0,0,0,0,3,3
99,0,0,0,24000000.0,10,2,0,0,1,1,2,2
36,0,0,0,1339700000.0,228,2,0,0,1,1,2,2
9,2,0,0,310000000.0,80,1,0,0,0,0,0,1
4,2,0,0,75000000.0,41,2,0,0,1,1,2,2
9,1,0,0,36700000.0,77,2,0,0,1,1,2,2
9,1,0,0,32000000.0,60,0,0,0,0,0,3,3
37,2,0,0,430000000.0,192,1,0,0,0,0,0,1
5,2,0,0,279000000.0,120,1,0,0,0,0,0,1
37,2,0,0,14000000.0,60,0,0,0,0,0,3,4
19,2,0,1,335412000.0,216,1,0,0,0,0,0,1
37,2,0,0,150000000.0,72,1,0,0,0,0,0,1
37,2,0,0,164600000.0,120,0,0,0,0,0,3,4
9,2,0,0,200000000.0,120,1,0,0,0,0,0,1
5,0,0,0,50000000.0,36,1,0,0,0,0,0,1
31,2,0,0,247900000.0,180,0,0,0,0,0,3,4
5,0,0,0,200000000.0,168,2,0,0,1,1,2,2
11,1,0,0,56000000.0,84,2,0,0,1,1,2,2
99,2,1,2,400000000.0,60,1,3,0,0,0,0,1
37,0,0,0,318500000.0,168,2,0,0,1,1,2,2
9,0,0,0,186000000.0,120,2,0,0,1,1,2,2
13,2,1,2,378621000.0,60,0,2,0,0,2,2,5
37,2,0,0,226800000.0,88,1,0,0,0,0,0,1
34,2,0,0,34600000.0,36,1,0,0,0,0,0,1
37,2,0,1,3000000000.0,120,0,0,0,0,0,3,4
9,2,0,0,134000000.0,60,1,0,0,0,0,0,1
37,2,0,0,199000000.0,60,1,0,0,0,0,0,1
5,2,0,0,104600000.0,60,0,0,0,0,0,3,4
11,2,0,0,19000000.0,24,1,0,0,0,0,0,1
13,2,0,0,420000000.0,103,1,0,0,0,0,0,1
9,2,0,0,230000000.0,104,0,0,0,0,0,3,4
99,2,0,0,25000000.0,36,2,0,0,1,1,2,2
5,2,0,0,121000000.0,60,2,0,0,1,1,2,2
9,2,0,0,30000000.0,60,1,0,0,0,0,0,1
37,0,0,0,122600000.0,180,2,0,0,1,1,2,2
9,2,0,0,35000000.0,60,2,0,0,1,1,2,2
5,2,1,2,200000000.0,48,0,2,0,0,2,2,5
9,2,0,0,110000000.0,60,1,0,0,0,0,0,1
37,2,0,0,237000000.0,120,1,0,0,0,0,0,1
9,2,0,0,384800000.0,73,0,0,0,0,0,3,4
9,2,0,0,290000000.0,180,1,0,0,0,0,0,1
99,2,0,0,110000000.0,56,1,0,0,0,0,0,1
99,2,0,0,104000000.0,60,0,0,0,0,0,3,4
9,2,0,0,584000000.0,229,1,0,0,0,0,0,1
9,2,0,0,270000000.0,144,1,0,0,0,0,0,1
9,2,0,0,1595104039.0,188,0,0,0,0,0,3,4
13,2,1,2,100000000.0,24,2,2,0,0,2,2,2
37,1,0,0,331000000.0,120,2,0,0,1,1,2,2
99,0,0,1,160000000.0,240,1,0,0,0,0,0,1
37,2,0,0,434900000.0,239,2,0,0,1,1,2,2
9,2,0,0,238000000.0,37,2,0,0,1,1,2,2
99,0,1,2,25000000.0,24,0,2,0,0,2,2,5
36,2,0,0,418800000.0,120,1,0,0,0,0,0,1
99,0,1,3,3231000.0,12,1,3,0,0,0,0,1
99,1,0,0,102700000.0,60,0,0,0,0,0,3,4
13,1,1,2,500000000.0,60,1,3,0,0,0,0,1
9,2,0,0,240500000.0,124,1,0,0,0,0,0,1
99,2,0,0,115000000.0,180,0,0,0,0,0,3,4
13,0,0,1,179150000.0,180,1,0,0,0,0,0,1
9,2,0,0,90800000.0,60,1,0,0,0,0,0,1
37,2,0,0,300000000.0,120,0,0,0,0,0,3,4
9,1,0,0,179000000.0,72,2,0,0,1,1,2,2
37,2,0,0,236000000.0,120,2,0,0,1,1,2,2
9,0,0,0,95700000.0,60,1,0,0,0,0,0,1
99,2,0,0,200000000.0,84,2,0,0,1,1,2,2
99,0,0,1,159500000.0,180,2,0,0,1,1,2,2
34,0,0,1,162300000.0,180,0,0,0,0,0,3,4
4,2,0,0,130000000.0,19,1,0,0,0,0,0,1
37,2,0,0,170700000.0,60,1,0,0,0,0,0,1
9,2,0,0,33000000.0,60,0,0,0,0,0,3,4
8,0,0,0,50000000.0,60,1,0,0,0,0,0,1
9,2,0,0,221000000.0,84,1,0,0,0,0,0,1
19,2,0,0,220600000.0,96,0,0,0,0,0,3,4
9,2,0,0,371000000.0,180,1,0,0,0,0,0,1
5,2,0,0,580000000.0,180,1,0,0,0,0,0,1
9,2,0,0,426000000.0,120,0,0,0,0,0,3,4
37,2,0,0,100000000.0,84,2,0,0,1,1,2,2
4,2,0,0,130000000.0,180,2,0,0,1,1,2,2
9,2,0,0,74000000.0,60,1,0,0,0,0,0,1
9,2,0,0,278000000.0,89,2,0,0,1,1,2,2
18,2,0,0,430000000.0,120,2,0,0,1,1,2,2
19,2,0,0,145000000.0,84,0,0,0,0,0,3,4
37,2,0,0,190000000.0,120,1,0,0,0,0,0,1
5,2,0,0,277000000.0,180,1,0,0,0,0,0,1
37,2,0,0,270000000.0,120,0,0,0,0,0,3,4
5,2,0,0,60000000.0,48,1,0,0,0,0,0,1
37,2,0,0,90000000.0,47,1,0,0,0,0,0,1
13,2,1,2,20000000.0,36,0,2,0,0,2,2,5
11,2,0,0,50000000.0,60,1,0,0,0,0,0,1
26,2,0,0,50000000.0,36,1,0,0,0,0,0,1
31,2,0,0,383000000.0,180,0,0,0,0,0,3,4
37,2,0,0,30000000.0,120,2,0,0,1,1,2,2
9,2,0,0,100000000.0,60,2,0,0,1,1,2,2
5,0,0,0,15000000.0,36,1,0,0,0,0,0,1
99,2,0,0,75000000.0,60,2,0,0,1,1,2,2
9,2,0,0,160000000.0,72,2,0,0,1,1,2,2
5,0,0,0,24300000.0,10,0,0,0,0,0,3,4
37,2,0,0,192600000.0,84,1,0,0,0,0,0,1
99,2,0,1,224000000.0,240,1,0,0,0,0,0,1
37,2,0,0,103000000.0,120,0,0,0,0,0,3,4
9,0,0,0,20000000.0,36,1,0,0,0,0,0,1
9,0,0,0,55000000.0,60,1,0,0,0,0,0,1
99,0,0,1,335412000.0,204,0,0,0,0,0,3,4
99,0,0,0,349000000.0,180,1,0,0,0,0,0,1
4,2,0,0,105000000.0,120,1,0,0,0,0,0,1
37,2,0,0,328600000.0,240,0,0,0,0,0,3,4
37,1,0,0,25000000.0,96,2,0,0,1,1,2,2
37,2,0,0,50000000.0,60,2,0,0,1,1,2,2
37,2,0,0,139739890.0,94,1,0,0,0,0,0,1
37,2,0,1,567621502.0,117,2,0,0,1,1,2,2
13,2,1,2,447327224.0,60,2,2,0,0,2,2,2
99,2,0,0,96800000.0,60,0,0,0,0,0,3,4
9,2,0,0,173500000.0,60,1,0,0,0,0,0,1
37,2,0,0,90000000.0,60,1,0,0,0,0,0,1
13,2,1,2,200000000.0,48,0,2,0,0,2,2,5
99,2,0,0,166000000.0,180,1,0,0,0,0,0,1
19,2,0,0,518000000.0,168,1,0,0,0,0,0,1
31,2,0,1,240256563.0,145,0,0,0,0,0,3,4
9,2,0,0,400000000.0,50,1,0,0,0,0,0,1
18,2,0,0,41000000.0,60,1,0,0,0,0,0,1
99,2,0,0,493100000.0,175,0,0,0,0,0,3,4
4,2,0,0,208000000.0,83,2,0,0,1,1,2,2
31,2,0,0,212000000.0,130,2,0,0,1,1,2,2
9,1,0,0,307800000.0,96,1,0,0,0,0,0,1
18,2,0,0,395800000.0,84,2,0,0,1,1,2,2
99,0,0,0,24800000.0,10,2,0,0,1,1,2,2
37,2,0,0,224000000.0,60,0,0,0,0,0,3,4
37,2,0,0,800000000.0,180,1,0,0,0,0,0,1
37,0,0,0,126000000.0,120,1,0,0,0,0,0,1
99,0,0,0,30000000.0,48,0,0,0,0,0,3,4
19,2,0,0,170000000.0,132,1,0,0,0,0,0,1
37,1,0,0,270000000.0,32,1,0,0,0,0,0,1
5,2,0,0,1289000000.0,198,0,0,0,0,0,3,4
99,2,0,0,65000000.0,25,1,0,0,0,0,0,1
9,2,0,0,671400000.0,144,1,0,0,0,0,0,1
37,1,0,0,250000000.0,144,0,0,0,0,0,3,4
37,2,0,0,703700000.0,80,2,0,0,1,1,2,2
19,0,0,0,220000000.0,120,2,0,0,1,1,2,2
9,1,0,0,140000000.0,48,1,0,0,0,0,0,1
37,1,0,0,200000000.0,48,2,0,0,1,1,2,2
12,0,0,0,32000000.0,60,2,0,0,1,1,2,2
26,2,0,0,505800000.0,191,0,0,0,0,0,3,4
11,2,0,0,179300000.0,60,1,0,0,0,0,0,1
11,2,0,0,100000000.0,48,1,0,0,0,0,0,1
99,2,0,0,73000000.0,168,0,0,0,0,0,3,4
37,2,0,0,378500000.0,193,1,0,0,0,0,0,1
37,2,0,0,1211000000.0,216,1,0,0,0,0,0,1
37,2,0,0,200000000.0,180,0,0,0,0,0,3,4
19,2,0,0,200000000.0,96,1,0,0,0,0,0,1
37,2,0,0,672000000.0,183,1,0,0,0,0,0,1
37,2,0,0,201800000.0,240,0,0,0,0,0,3,4
9,2,0,0,148000000.0,60,2,0,0,1,1,2,2
37,2,0,0,176500000.0,60,2,0,0,1,1,2,2
9,2,0,0,95900000.0,60,1,0,0,0,0,0,1
99,2,0,0,421900000.0,78,2,0,0,1,1,2,2
37,2,0,0,158000000.0,51,2,0,0,1,1,2,2
5,2,0,0,288000000.0,81,0,0,0,0,0,3,4
99,2,0,0,17000000.0,11,1,0,0,0,0,0,1
31,2,0,0,140600000.0,120,1,0,0,0,0,0,1
26,2,0,0,431652354.0,116,0,0,0,0,0,3,4
37,2,0,0,79000000.0,60,1,0,0,0,0,0,1
31,0,0,0,182000000.0,180,1,0,0,0,0,0,1
19,2,0,0,143000000.0,180,0,0,0,0,0,3,4
37,2,0,0,397000000.0,228,1,0,0,0,0,0,1
37,2,0,0,342000000.0,120,1,0,0,0,0,0,1
37,2,0,0,618000000.0,84,0,0,0,0,0,3,4
19,1,0,0,350000000.0,120,2,0,0,1,1,2,2
19,2,0,0,30000000.0,36,2,0,0,1,1,2,2
9,1,0,0,20000000.0,24,1,0,0,0,0,0,1
99,2,0,0,37000000.0,11,2,0,0,1,1,2,2
99,2,0,0,15000000.0,6,2,0,0,1,1,2,2
9,2,0,0,62400000.0,60,0,0,0,0,0,3,4
37,2,0,0,312000000.0,149,1,0,0,0,0,0,1
5,0,0,0,700000000.0,180,1,0,0,0,0,0,1
9,1,0,0,75000000.0,24,0,0,0,0,0,3,4
37,2,0,0,160000000.0,60,1,0,0,0,0,0,1
1,2,0,0,250000000.0,60,1,0,0,0,0,0,1
13,2,0,0,20000000.0,10,0,0,0,0,0,3,4
37,1,0,0,100000000.0,84,1,0,0,0,0,0,1
9,2,0,0,396000000.0,108,1,0,0,0,0,0,1
37,2,0,0,250000000.0,60,0,0,0,0,0,3,4
9,2,0,0,17000000.0,60,2,0,0,1,1,2,2
9,2,0,0,200000000.0,72,2,0,0,1,1,2,2
99,2,0,0,200000000.0,120,1,0,0,0,0,0,1
9,2,0,0,62600000.0,60,2,0,0,1,1,2,2
99,2,0,0,53000000.0,60,2,0,0,1,1,2,2
37,2,0,0,281962785.0,67,0,0,0,0,0,3,4
37,2,0,0,200000000.0,60,1,0,0,0,0,0,1
37,2,0,1,150000000.0,72,1,0,0,0,0,0,1
9,2,0,0,220000000.0,120,0,0,0,0,0,3,4
37,2,0,0,178000000.0,120,1,0,0,0,0,0,1
99,2,0,1,1000000000.0,60,1,0,0,0,0,0,1
37,2,0,0,700000000.0,168,0,0,0,0,0,3,4
11,2,0,0,100000000.0,60,1,0,0,0,0,0,1
37,2,0,0,261000000.0,76,1,0,0,0,0,0,1
99,2,0,0,448000000.0,120,0,0,0,0,0,3,4
4,0,0,0,100000000.0,84,2,0,0,1,1,2,2
9,1,0,0,145000000.0,50,2,0,0,1,1,2,2
99,0,0,0,18150000.0,10,1,0,0,0,0,0,1
37,0,0,0,862300000.0,195,2,0,0,1,1,2,2
31,2,0,0,246350000.0,180,2,0,0,1,1,2,2
19,2,0,0,457300000.0,168,0,0,0,0,0,3,4
34,2,1,3,150000000.0,36,1,3,0,0,0,0,1
9,2,0,0,381500000.0,216,1,0,0,0,0,0,1
37,2,0,0,737000000.0,120,0,0,0,0,0,3,4
99,2,0,0,10000000.0,36,1,0,0,0,0,0,1
37,2,0,0,157000000.0,100,1,0,0,0,0,0,1
19,2,0,0,300000000.0,116,0,0,0,0,0,3,4
5,2,0,0,10000000.0,23,1,0,0,0,0,0,1
9,2,0,0,104500000.0,60,1,0,0,0,0,0,1
99,0,0,0,24500000.0,10,0,0,0,0,0,3,4
9,2,0,0,274000000.0,180,2,0,0,1,1,2,2
5,2,0,0,21400000.0,180,2,0,0,1,1,2,2
37,2,0,0,108000000.0,24,1,0,0,0,0,0,1
99,2,0,0,27000000.0,11,2,0,0,1,1,2,2
13,0,0,0,16500000.0,10,2,0,0,1,1,2,2
9,2,0,0,260500000.0,180,0,0,0,0,0,3,4
99,2,0,0,155300000.0,60,1,0,0,0,0,0,1
5,2,0,0,174000000.0,53,1,0,0,0,0,0,1
9,1,0,0,96000000.0,60,0,0,0,0,0,3,4
37,2,0,0,11000000.0,36,1,0,0,0,0,0,1
9,2,0,0,170000000.0,96,1,0,0,0,0,0,1
99,2,0,0,80000000.0,48,0,0,0,0,0,3,4
8,2,0,1,150000000.0,156,1,0,0,0,0,0,1
99,0,0,0,24300000.0,10,1,0,0,0,0,0,1
37,2,0,0,230000000.0,60,0,0,0,0,0,3,4
9,2,0,0,105000000.0,180,2,0,0,1,1,2,2
37,2,0,0,200000000.0,84,2,0,0,1,1,2,2
9,2,0,0,170000000.0,36,1,0,0,0,0,0,1
13,2,1,3,25000000.0,24,2,0,0,1,2,2,2
5,0,0,1,335723741.0,216,2,0,0,1,1,2,2
9,0,0,0,52000000.0,60,0,0,0,0,0,3,4
19,1,0,0,545700000.0,86,1,0,0,0,0,0,1
9,1,0,0,735000000.0,144,1,0,0,0,0,0,1
31,1,0,0,260900000.0,168,0,0,0,0,0,3,4
9,2,0,0,100000000.0,47,1,0,0,0,0,0,1
99,0,0,0,15800000.0,10,1,0,0,0,0,0,1
9,2,0,0,10000000.0,17,0,0,0,0,0,3,4
9,0,0,0,27000000.0,48,1,0,0,0,0,0,1
9,2,0,0,61000000.0,60,1,0,0,0,0,0,1
37,2,0,0,123000000.0,60,0,0,0,0,0,3,4
9,2,0,0,197600000.0,120,2,0,0,1,1,2,2
11,2,0,0,232600000.0,108,2,0,0,1,1,2,2
37,2,0,0,248000000.0,109,1,0,0,0,0,0,1
19,2,0,0,210000000.0,84,2,0,0,1,1,2,2
19,2,0,0,250000000.0,96,2,0,0,1,1,2,2
9,2,0,0,265000000.0,60,0,0,0,0,0,3,4
37,2,0,0,429900000.0,180,1,0,0,0,0,0,1
26,2,0,0,137100000.0,60,1,0,0,0,0,0,1
4,2,0,0,450000000.0,180,0,0,0,0,0,3,4
5,2,0,0,158000000.0,60,1,0,0,0,0,0,1
37,2,0,0,313000000.0,126,1,0,0,0,0,0,1
37,2,0,0,360388000.0,210,0,0,0,0,0,3,4
37,2,0,0,420000000.0,108,1,0,0,0,0,0,1
37,2,0,0,40000000.0,27,1,0,0,0,0,0,1
37,2,0,0,216000000.0,120,0,0,0,0,0,3,4
37,2,0,0,156200000.0,84,2,0,0,1,1,2,2
37,2,0,0,138000000.0,60,2,0,0,1,1,2,2
9,2,0,0,460000000.0,192,1,0,0,0,0,0,1
9,2,0,0,59000000.0,60,2,0,0,1,1,2,2
19,2,0,0,444400000.0,180,2,0,0,1,1,2,2
37,2,0,0,250000000.0,180,0,0,0,0,0,3,4
9,2,0,0,60000000.0,60,1,0,0,0,0,0,1
4,0,0,0,220000000.0,120,1,0,0,0,0,0,1
37,2,0,0,294000000.0,192,0,0,0,0,0,3,4
99,2,0,0,95900000.0,60,1,0,0,0,0,0,1
9,2,0,0,231000000.0,180,1,0,0,0,0,0,1
37,2,0,1,436181948.0,240,0,0,0,0,0,3,4
19,0,0,0,875500000.0,180,1,0,0,0,0,0,1
99,0,1,3,18696000.0,24,1,3,0,0,0,0,1
9,2,0,0,100000000.0,36,0,0,0,0,0,3,4
37,2,0,0,325000000.0,194,2,0,0,1,1,2,2
37,2,0,0,227800000.0,180,2,0,0,1,1,2,2
37,2,0,0,74000000.0,176,1,0,0,0,0,0,1
13,2,1,3,10000000.0,24,2,0,0,1,2,2,2
9,2,0,0,44000000.0,60,2,0,0,1,1,2,2
13,2,0,1,160340000.0,180,0,0,0,0,0,3,4
4,2,0,0,280000000.0,180,1,0,0,0,0,0,1
5,2,0,0,13500000.0,36,1,0,0,0,0,0,1
34,2,1,2,250000000.0,24,0,2,0,0,2,2,5
11,2,0,0,140000000.0,60,1,0,0,0,0,0,1
13,2,1,2,250000000.0,60,1,3,0,0,0,0,1
7,2,0,0,215326700.0,141,0,0,0,0,0,3,5
99,2,0,0,435000000.0,168,1,0,0,0,0,0,1
9,2,0,0,309000000.0,60,1,0,0,0,0,0,1
26,2,0,0,15000000.0,10,0,0,0,0,0,3,5
99,2,0,0,50000000.0,168,2,0,0,1,1,2,2
37,2,0,0,100000000.0,180,2,0,0,1,1,2,2
9,2,0,0,431000000.0,156,1,0,0,0,0,0,1
7,0,0,1,179150000.0,180,2,0,0,1,1,2,2
37,2,0,0,252000000.0,67,2,0,0,1,1,2,2
37,2,0,1,300000000.0,180,0,0,0,0,0,3,5
99,0,0,1,288000000.0,168,1,0,0,0,0,0,1
37,2,0,0,430000000.0,96,1,0,0,0,0,0,1
26,2,0,0,270000000.0,96,0,0,0,0,0,3,5
9,2,0,0,65000000.0,60,1,0,0,0,0,0,1
37,2,0,0,97000000.0,60,1,0,0,0,0,0,1
13,2,1,2,100000000.0,48,0,2,0,0,2,2,5
5,2,0,0,10000000.0,10,1,0,0,0,0,0,1
1,2,0,0,682000000.0,180,1,0,0,0,0,0,1
9,0,0,0,156700000.0,60,0,0,0,0,0,3,5
4,2,0,0,150000000.0,115,2,0,0,1,1,2,2
9,2,0,0,55000000.0,30,2,0,0,1,1,2,2
19,0,0,0,133500000.0,60,1,0,0,0,0,0,1
37,1,0,0,287700000.0,119,2,0,0,0,1,3,2
11,2,0,0,260000000.0,120,2,0,0,0,1,3,2
9,2,0,0,250000000.0,60,0,0,0,0,0,3,5
37,2,0,0,160000000.0,121,1,0,0,0,0,0,1
37,2,0,0,20000000.0,24,1,0,0,0,0,0,1
12,0,0,0,20000000.0,11,0,0,0,0,0,3,5
34,1,0,0,33000000.0,24,1,0,0,0,0,0,1
37,2,0,0,300000000.0,132,1,0,0,0,0,0,1
37,2,0,0,33000000.0,24,0,0,0,0,0,3,5
21,2,0,0,215000000.0,144,1,0,0,0,0,0,1
5,0,0,0,149000000.0,60,1,0,0,0,0,0,1
37,2,0,0,338000000.0,202,0,0,0,0,0,3,5
9,2,0,0,44000000.0,36,2,0,0,0,1,3,2
31,0,0,0,179200000.0,180,2,0,0,0,1,3,2
37,0,0,0,200000000.0,168,1,0,0,0,0,0,1
9,2,0,0,140000000.0,60,2,0,0,0,1,3,2
9,2,0,0,173500000.0,120,2,0,0,0,1,3,2
21,2,0,0,425000000.0,156,0,0,0,0,0,3,5
11,2,0,0,153500000.0,73,1,0,0,0,0,0,1
9,2,0,0,165000000.0,60,1,0,0,0,0,0,1
99,2,0,1,162320000.0,144,0,0,0,0,0,3,5
11,1,0,0,159500000.0,111,1,0,0,0,0,0,1
99,0,0,0,96500000.0,60,1,0,0,0,0,0,1
37,1,0,0,5000000.0,60,0,0,0,0,0,3,5
9,2,0,0,210000000.0,84,1,0,0,0,0,0,1
99,2,0,0,296000000.0,168,1,0,0,0,0,0,1
7,2,0,0,45000000.0,60,0,0,0,0,0,3,5
5,2,0,0,151000000.0,60,2,0,0,0,1,3,2
99,2,0,0,265800000.0,180,2,0,0,0,1,3,2
99,2,0,0,28000000.0,36,1,0,0,0,0,0,1
31,2,0,0,247600000.0,124,2,0,0,0,1,3,2
5,2,0,0,352000000.0,180,2,0,0,0,1,3,2
19,2,0,0,150000000.0,48,0,0,0,0,0,3,5
99,1,1,2,25000000.0,18,1,3,0,0,0,0,1
99,2,0,1,406842503.5,168,1,0,0,0,0,0,1
8,2,0,0,50000000.0,48,0,0,0,0,0,3,5
37,2,0,0,78000000.0,36,1,0,0,0,0,0,1
5,2,0,1,356632987.0,135,1,0,0,0,0,0,1
11,2,0,0,100000000.0,48,0,0,0,0,0,3,5
9,2,0,1,322207777.0,111,1,0,0,0,0,0,1
9,0,0,0,80000000.0,60,1,0,0,0,0,0,1
9,2,0,0,300000000.0,120,0,0,0,0,0,3,5
37,2,0,0,220000000.0,84,2,0,0,0,1,3,2
31,2,0,0,180500000.0,180,2,0,0,0,1,3,2
13,0,1,2,100000000.0,24,1,3,0,0,0,0,1
99,2,0,0,375000000.0,168,2,0,0,0,1,3,2
37,1,0,0,150000000.0,120,2,0,0,0,1,3,2
9,2,0,0,20000000.0,36,0,0,0,0,0,3,5
37,2,0,0,133000000.0,240,1,0,0,0,0,0,1
99,2,0,1,124900000.0,132,1,0,0,0,0,0,1
9,2,0,0,100000000.0,60,0,0,0,0,0,3,5
12,2,0,0,10000000.0,12,1,0,0,0,0,0,1
37,2,0,0,623000000.0,120,1,0,0,0,0,0,1
11,2,0,0,76000000.0,36,0,0,0,0,0,3,5
9,2,0,0,31000000.0,60,1,0,0,0,0,0,1
37,2,0,0,750000000.0,180,1,0,0,0,0,0,1
9,2,0,0,189300000.0,50,0,0,0,0,0,3,5
5,2,0,0,470000000.0,120,2,0,0,0,1,3,2
37,2,0,0,415000000.0,132,2,0,0,0,1,3,2
99,2,0,0,210500000.0,120,1,0,0,0,0,0,1
37,2,0,0,178000000.0,120,2,0,0,0,1,3,2
99,2,0,0,10000000.0,36,2,0,0,0,1,3,2
9,2,1,3,18401000.0,12,0,2,0,0,2,2,5
9,0,0,0,38000000.0,24,1,0,0,0,0,0,1
8,2,0,1,196500000.0,240,1,0,0,0,0,0,1
99,2,0,0,335000000.0,156,0,0,0,0,0,3,5
37,0,0,0,315000000.0,180,1,0,0,0,0,0,1
37,2,0,0,200000000.0,120,1,0,0,0,0,0,1
99,2,0,0,97000000.0,60,0,0,0,0,0,3,5
36,2,0,0,885034000.0,190,1,0,0,0,0,0,1
26,2,0,0,57511842.0,24,1,0,0,0,0,0,1
11,2,0,0,65000000.0,72,0,0,0,0,0,3,5
37,2,0,0,171000000.0,60,2,0,0,0,1,3,2
34,2,1,2,25000000.0,36,2,1,0,1,0,2,2
9,2,0,0,282700000.0,86,1,0,0,0,0,0,1
37,2,0,0,170000000.0,96,2,0,0,0,1,3,2
12,0,0,0,86000000.0,60,2,0,0,0,1,3,2
6,2,0,0,400000000.0,84,0,0,0,0,0,3,5
8,0,0,1,175000000.0,180,1,0,0,0,0,0,1
37,2,0,0,235000000.0,90,1,0,0,0,0,0,1
5,2,0,1,179150000.0,180,0,0,0,0,0,3,5
9,2,0,0,89000000.0,60,1,0,0,0,0,0,1
37,2,0,0,182000000.0,36,1,0,0,0,0,0,1
13,2,1,2,300000000.0,36,0,3,0,0,0,3,3
9,2,0,0,245000000.0,84,1,0,0,0,0,0,1
9,0,0,0,60000000.0,60,1,0,0,0,0,0,1
37,2,0,0,1004000000.0,50,0,0,0,0,0,3,5
5,2,0,0,30000000.0,36,2,0,0,0,1,3,2
37,2,0,0,611000000.0,60,2,0,0,0,1,3,2
37,2,0,0,50000000.0,60,1,0,0,0,0,0,1
19,2,0,0,364000000.0,168,2,0,0,0,1,3,2
37,2,0,0,255000000.0,61,2,0,0,0,1,3,2
37,2,0,0,250000000.0,120,0,0,0,0,0,3,5
37,2,0,0,281865500.0,74,1,0,0,0,0,0,1
13,0,0,1,160340000.0,240,1,0,0,0,0,0,1
37,2,0,0,234000000.0,15,0,0,0,0,0,3,5
99,2,0,0,74000000.0,60,1,0,0,0,0,0,1
99,1,0,0,261000000.0,119,1,0,0,0,0,0,1
9,2,0,0,76000000.0,30,0,0,0,0,0,3,5
37,2,0,0,405000000.0,120,1,0,0,0,0,0,1
13,1,1,2,101000000.0,24,1,3,0,0,0,0,1
9,1,0,0,225808935.0,81,0,0,0,0,0,3,5
37,2,0,0,1395900000.0,240,2,0,0,0,1,3,2
13,2,1,2,220000000.0,48,2,1,0,0,0,1,2
12,2,0,0,15000000.0,36,1,0,0,0,0,0,1
99,2,0,0,400000000.0,84,2,0,0,0,1,3,2
37,2,0,0,250000000.0,36,2,0,0,0,1,3,2
37,2,0,0,191000000.0,96,0,0,0,0,0,3,5
99,2,0,0,229411076.0,105,1,0,0,0,0,0,1
37,2,0,0,100000000.0,60,1,0,0,0,0,0,1
37,2,0,0,70000000.0,60,0,0,0,0,0,3,5
13,2,0,0,100000000.0,48,1,0,0,0,0,0,1
13,2,1,2,128000000.0,48,1,3,0,0,0,0,1
9,2,0,0,151000000.0,60,0,0,0,0,0,3,5
9,2,0,0,281400000.0,114,1,0,0,0,0,0,1
9,2,0,0,177727204.0,67,1,0,0,0,0,0,1
13,0,1,2,500000000.0,36,0,3,0,0,0,3,3
10,2,0,0,161000000.0,93,2,0,0,0,1,3,2
37,2,0,0,204000000.0,36,2,0,0,0,1,3,2
4,2,0,1,264405780.0,115,1,0,0,0,0,0,1
9,2,0,0,55000000.0,36,2,0,0,0,1,3,2
37,2,0,0,150000000.0,96,2,0,0,0,1,3,2
5,2,0,0,154000000.0,180,0,0,0,0,0,3,5
26,2,0,0,44000000.0,60,1,0,0,0,0,0,1
9,1,0,0,121000000.0,27,1,0,0,0,0,0,1
37,2,0,0,200000000.0,60,0,0,0,0,0,3,5
5,2,0,0,22000000.0,36,1,0,0,0,0,0,1
37,2,0,0,50000000.0,133,1,0,0,0,0,0,1
12,2,0,0,180000000.0,60,0,0,0,0,0,3,5
37,2,0,0,807000000.0,120,1,0,0,0,0,0,1
99,2,0,1,550000000.0,155,1,0,0,0,0,0,1
4,2,0,0,250000000.0,75,0,0,0,0,0,3,5
37,2,0,0,150000000.0,120,2,0,0,0,1,3,2
13,2,1,2,150000000.0,48,2,1,0,0,0,1,2
13,2,1,2,10000000.0,12,1,3,0,0,0,0,1
19,2,0,0,315000000.0,168,2,0,0,0,1,3,2
19,2,0,0,200000000.0,96,2,0,0,0,1,3,2
11,2,0,0,53000000.0,71,0,0,0,0,0,3,5
13,2,1,3,20000000.0,24,1,3,0,0,0,0,1
9,0,0,0,50000000.0,24,1,0,0,0,0,0,1
37,1,0,0,118000000.0,60,0,0,0,0,0,3,5
37,0,0,0,100000000.0,36,1,0,0,0,0,0,1
99,2,0,0,24500000.0,10,1,0,0,0,0,0,1
37,2,0,0,41000000.0,180,0,0,0,0,0,3,5
99,2,0,0,20000000.0,36,1,0,0,0,0,0,1
5,0,0,1,179150000.0,192,1,0,0,0,0,0,1
4,2,0,0,155000000.0,60,0,0,0,0,0,3,5
5,2,0,0,75000000.0,34,2,0,0,0,1,3,2
99,2,0,0,82800000.0,44,2,0,0,0,1,3,2
37,2,0,0,1314000000.0,180,1,0,0,0,0,0,1
9,2,0,0,465300000.0,234,2,0,0,0,1,3,2
9,2,0,0,30000000.0,24,2,0,0,0,1,3,2
9,2,0,0,110000000.0,60,0,0,0,0,0,3,5
99,2,0,0,25500000.0,10,1,0,0,0,0,0,1
37,2,0,0,313000000.0,168,1,0,0,0,0,0,1
31,0,0,0,247000000.0,180,0,0,0,0,0,3,5
37,2,0,0,1200000000.0,240,1,0,0,0,0,0,1
9,2,0,0,18200000.0,144,1,0,0,0,0,0,1
19,2,0,0,950000000.0,180,0,0,0,0,0,3,5
37,2,0,0,157000000.0,72,1,0,0,0,0,0,1
9,0,0,0,200000000.0,60,1,0,0,0,0,0,1
9,1,0,0,95700000.0,60,0,0,0,0,0,3,5
19,0,0,0,234000000.0,48,2,0,0,0,1,3,2
37,2,0,0,110000000.0,96,2,0,0,0,1,3,2
9,2,0,0,95000000.0,60,1,0,0,0,0,0,1
13,2,1,3,250000000.0,60,2,0,0,0,0,1,2
13,2,1,2,400000000.0,60,2,1,0,0,0,1,2
13,2,1,2,250000000.0,36,0,3,0,0,0,3,3
37,2,0,0,550000000.0,168,1,0,0,0,0,0,1
99,0,0,0,82000000.0,60,1,0,0,0,0,0,1
37,2,0,0,100000000.0,48,0,0,0,0,0,3,5
13,2,1,2,400000000.0,60,1,3,0,0,0,0,1
36,2,0,0,405000000.0,180,1,0,0,0,0,0,1
99,2,0,0,96000000.0,60,0,0,0,0,0,3,5
37,1,0,0,25000000.0,10,1,0,0,0,0,0,1
37,2,0,0,267317000.0,112,1,0,0,0,0,0,1
37,2,0,0,200000000.0,168,0,0,0,0,0,3,5
31,1,0,0,118000000.0,120,2,0,0,0,1,3,2
9,2,0,0,198000000.0,60,2,0,0,0,1,3,2
99,1,0,0,115000000.0,60,1,0,0,0,0,0,1
9,1,0,0,192000000.0,83,2,0,0,0,1,3,2
37,0,0,0,241129000.0,240,2,0,0,0,1,3,2
37,2,0,0,395875314.0,110,0,0,0,0,0,3,5
13,2,1,2,200000000.0,48,1,3,0,0,0,0,1
37,2,0,0,105000000.0,60,1,0,0,0,0,0,1
37,2,0,0,73000000.0,60,0,0,0,0,0,3,5
11,2,0,0,137000000.0,60,1,0,0,0,0,0,1
13,2,1,2,200000000.0,60,1,3,0,0,0,0,1
13,2,1,2,500000000.0,60,0,3,0,0,0,3,3
9,2,0,0,179000000.0,60,1,0,0,0,0,0,1
12,2,0,1,450000000.0,120,1,0,0,0,0,0,1
19,2,0,0,50000000.0,36,0,0,0,0,0,3,5
37,2,0,0,25000000.0,36,2,0,0,0,1,3,2
99,2,1,2,100000000.0,60,2,1,0,0,0,1,2
37,1,0,0,75000000.0,48,1,0,0,0,0,0,1
37,2,0,0,252000000.0,151,2,0,0,0,1,3,2
37,2,0,0,355000000.0,84,2,0,0,0,1,3,2
9,2,0,0,135000000.0,60,0,0,0,0,0,3,5
37,2,0,1,1100000000.0,144,1,0,0,0,0,0,1
9,2,0,0,31000000.0,180,1,0,0,0,0,0,1
37,2,0,0,224000000.0,120,0,0,0,0,0,3,5
26,2,0,0,140000000.0,60,1,0,0,0,0,0,1
21,2,0,0,300000000.0,120,1,0,0,0,0,0,1
37,2,0,0,69000000.0,60,0,0,0,0,0,3,5
31,2,0,0,303600000.0,168,1,0,0,0,0,0,1
5,2,0,0,237000000.0,84,1,0,0,0,0,0,1
37,2,0,0,299000000.0,72,0,0,0,0,0,3,5
19,2,0,0,251000000.0,60,2,0,0,0,1,3,2
9,1,0,0,255300000.0,120,2,0,0,0,1,3,2
99,2,0,0,50000000.0,60,1,0,0,0,0,0,1
9,2,0,0,370900000.0,180,2,0,0,0,1,3,2
5,2,0,1,444600000.0,93,2,0,0,0,1,3,2
13,2,1,2,100000000.0,60,0,3,0,0,0,3,3
37,2,0,0,220000000.0,84,1,0,0,0,0,0,1
9,2,0,0,84500000.0,42,1,0,0,0,0,0,1
9,2,0,0,371100000.0,240,0,0,0,0,0,3,5
31,2,0,0,692000000.0,120,1,0,0,0,0,0,1
9,2,0,0,240000000.0,84,1,0,0,0,0,0,1
99,2,0,0,54000000.0,24,0,0,0,0,0,3,5
37,2,0,0,250000000.0,31,1,0,0,0,0,0,1
9,2,0,0,150000000.0,60,1,0,0,0,0,0,1
37,2,0,0,157000000.0,60,0,0,0,0,0,3,5
99,2,0,0,103200000.0,60,2,0,0,0,1,3,2
37,2,0,0,13800000.0,60,2,0,0,0,1,3,2
37,2,0,0,1092000000.0,180,1,0,0,0,0,0,1
9,2,0,0,162000000.0,60,2,0,0,0,1,3,2
99,2,0,0,110000000.0,125,2,0,0,0,1,3,2
11,2,0,0,50000000.0,36,0,0,0,0,0,3,5
37,2,0,0,32000000.0,75,1,0,0,0,0,0,1
9,2,0,0,95400000.0,60,1,0,0,0,0,0,1
9,2,0,0,190000000.0,60,0,0,0,0,0,3,5
4,2,0,0,150000000.0,96,1,0,0,0,0,0,1
9,2,0,0,231000000.0,83,1,0,0,0,0,0,1
5,2,0,0,240000000.0,168,0,0,0,0,0,3,5
37,2,1,3,34965000.0,24,1,3,0,0,0,0,1
37,2,0,0,210000000.0,72,1,0,0,0,0,0,1
37,2,0,0,150000000.0,84,0,0,0,0,0,3,5
99,2,0,1,236267156.0,178,2,0,0,0,1,3,2
37,2,0,0,100000000.0,36,2,0,0,0,1,3,2
37,2,0,1,295000000.0,156,1,0,0,0,0,0,1
9,2,0,0,564000000.0,72,2,0,0,0,1,3,2
37,2,0,0,142000000.0,60,2,0,0,0,1,3,2
37,1,0,0,186000000.0,108,0,0,0,0,0,3,5
99,2,0,0,273000000.0,180,1,0,0,0,0,0,1
9,2,0,0,110000000.0,48,1,0,0,0,0,0,1
37,2,0,0,139000000.0,38,0,0,0,0,0,3,5
99,2,0,0,30000000.0,33,1,0,0,0,0,0,1
13,2,1,2,350000000.0,48,1,3,0,0,0,0,1
37,0,0,0,230000000.0,181,0,0,0,0,0,3,5
37,2,0,0,345700000.0,216,1,0,0,0,0,0,1
26,2,0,0,120000000.0,132,1,0,0,0,0,0,1
37,2,0,0,41000000.0,55,0,0,0,0,0,3,5
99,2,0,1,340000000.0,180,2,0,0,0,1,3,2
11,2,0,0,184000000.0,114,2,0,0,0,1,3,2
9,2,0,0,141000000.0,60,1,0,0,0,0,0,1
99,2,1,2,500000000.0,60,2,1,0,0,0,1,2
11,2,0,0,60000000.0,60,2,0,0,0,1,3,2
19,2,0,0,255100000.0,84,0,0,0,0,0,3,5
9,2,0,0,144000000.0,60,1,0,0,0,0,0,1
26,2,0,0,24500000.0,10,1,0,0,0,0,0,1
99,0,0,0,44000000.0,180,0,0,0,0,0,3,5
99,0,0,1,179000000.0,180,1,0,0,0,0,0,1
37,2,0,0,421000000.0,120,1,0,0,0,0,0,1
37,2,0,0,397000000.0,128,0,0,0,0,0,3,5
37,2,0,0,100000000.0,84,1,0,0,0,0,0,1
11,2,0,0,100000000.0,42,1,0,0,0,0,0,1
36,2,0,0,520000000.0,36,0,0,0,0,0,3,5
19,1,0,1,165000000.0,60,2,0,0,0,1,3,2
37,2,0,0,145000000.0,120,2,0,0,0,1,3,2
31,2,0,0,344000000.0,120,1,0,0,0,0,0,1
9,2,0,0,50000000.0,51,2,0,0,0,1,3,2
13,2,1,2,170000000.0,60,2,1,0,0,0,1,2
5,2,0,0,15000000.0,9,0,0,0,0,0,3,5
37,2,0,0,113000000.0,52,1,0,0,0,0,0,1
6,2,0,1,900000000.0,180,1,0,0,0,0,0,1
37,2,0,0,313000000.0,58,0,0,0,0,0,3,5
37,2,0,0,300000000.0,120,1,0,0,0,0,0,1
13,2,1,2,200000000.0,60,1,3,0,0,0,0,1
37,2,0,0,273000000.0,180,0,0,0,0,0,3,5
37,2,0,0,330300000.0,180,1,0,0,0,0,0,1
9,2,0,0,120000000.0,60,1,0,0,0,0,0,1
37,2,0,0,1125000000.0,226,0,0,0,0,0,3,5
31,0,0,0,22500000.0,120,2,0,0,0,1,3,2
13,2,1,2,500000000.0,60,2,1,0,0,0,1,2
26,2,0,0,279400000.0,110,1,0,0,0,0,0,1
9,2,0,0,260000000.0,132,2,0,0,0,1,3,2
37,2,0,0,613000000.0,125,2,0,0,0,1,3,2
9,2,0,0,400000000.0,180,0,0,0,0,0,3,5
37,2,0,0,196000000.0,143,1,0,0,0,0,0,1
9,2,0,0,20000000.0,60,1,0,0,0,0,0,1
37,2,0,0,232000000.0,98,0,0,0,0,0,3,5
99,2,0,0,625000000.0,94,1,0,0,0,0,0,1
1,0,0,0,10000000.0,36,1,0,0,0,0,0,1
37,2,0,0,75000000.0,181,0,0,0,0,0,3,5
34,2,1,2,15000000.0,12,1,3,0,0,0,0,1
9,2,0,0,490000000.0,120,1,0,0,0,0,0,1
7,2,0,0,377600000.0,210,0,0,0,0,0,3,5
99,2,0,1,209000000.0,180,2,0,0,0,1,3,2
99,2,0,0,24500000.0,10,2,0,0,0,1,3,2
7,2,0,0,604000000.0,180,1,0,0,0,0,0,1
37,1,0,0,1000000000.0,62,2,0,0,0,1,3,2
11,2,0,0,67000000.0,72,2,0,0,0,1,3,2
13,1,0,1,184800000.0,240,0,0,0,0,0,3,5
9,2,0,0,137000000.0,60,1,0,0,0,0,0,1
37,2,0,0,134000000.0,60,1,0,0,0,0,0,1
19,2,0,0,20000000.0,36,0,0,0,0,0,3,5
5,2,0,0,23065000.0,10,1,0,0,0,0,0,1
99,0,0,0,104600000.0,60,1,0,0,0,0,0,1
99,2,0,0,60000000.0,29,0,0,0,0,0,3,5
9,1,0,0,500000000.0,109,1,0,0,0,0,0,1
4,2,0,0,150000000.0,72,1,0,0,0,0,0,1
5,2,0,0,25600000.0,113,0,0,0,0,0,3,5
11,2,0,0,147000000.0,98,2,0,0,0,1,3,2
99,0,0,0,75000000.0,39,2,0,0,0,1,3,2
37,2,0,0,1208700000.0,240,1,0,0,0,0,0,1
37,2,0,0,240000000.0,81,2,0,0,0,1,3,2
13,2,1,2,500000000.0,48,2,1,0,0,0,1,2
9,2,0,0,15000000.0,26,0,0,0,0,0,3,5
9,2,0,0,141000000.0,83,1,0,0,0,0,0,1
99,2,1,3,10000000.0,24,1,3,0,0,0,0,1
4,2,0,0,150000000.0,120,0,0,0,0,0,3,5
9,2,0,0,105000000.0,60,1,0,0,0,0,0,1
9,2,0,0,150000000.0,120,1,0,0,0,0,0,1
37,2,0,0,334900000.0,240,0,0,0,0,0,3,5
9,2,0,0,304500000.0,56,1,0,0,0,0,0,1
99,2,0,0,25000000.0,36,1,0,0,0,0,0,1
13,0,1,2,150000000.0,60,0,3,0,0,0,3,3
4,0,0,0,70000000.0,60,2,0,0,0,1,3,2
9,2,0,0,50000000.0,60,2,0,0,0,1,3,2
9,2,0,0,50000000.0,60,1,0,0,0,0,0,1
99,2,0,0,80000000.0,73,2,0,0,0,1,3,2
37,2,0,0,784000000.0,156,2,0,0,0,1,3,2
4,0,0,0,710000000.0,180,0,0,0,0,0,3,5
37,2,0,0,200000000.0,180,1,0,0,0,0,0,1
37,2,0,0,100000000.0,60,1,0,0,0,0,0,1
9,1,0,0,70000000.0,84,0,0,0,0,0,3,5
12,2,0,0,25000000.0,60,1,0,0,0,0,0,1
99,2,0,0,103250000.0,60,1,0,0,0,0,0,1
9,0,0,0,40000000.0,60,0,0,0,0,0,3,5
37,2,0,0,450000000.0,84,1,0,0,0,0,0,1
37,2,0,0,250000000.0,60,1,0,0,0,0,0,1
13,2,1,2,25000000.0,24,0,3,0,0,0,3,3
10,2,0,0,95000000.0,60,2,0,0,0,1,3,2
10,0,0,0,138000000.0,60,2,0,0,0,1,3,2
99,0,0,0,168000000.0,174,1,0,0,0,0,0,1
9,2,0,0,163000000.0,84,2,0,0,0,1,3,2
99,2,0,0,28000000.0,36,2,0,0,0,1,3,2
37,2,0,0,15000000.0,60,0,0,0,0,0,3,5
37,2,0,0,180000000.0,60,1,0,0,0,0,0,1
26,2,0,0,27000000.0,180,1,0,0,0,0,0,1
9,1,0,0,52000000.0,36,0,0,0,0,0,3,5
11,2,0,0,64200000.0,48,1,0,0,0,0,0,1
5,0,0,1,175190000.0,180,1,0,0,0,0,0,1
37,2,0,0,239700000.0,43,0,0,0,0,0,3,5
37,2,0,0,605000000.0,122,1,0,0,0,0,0,1
17,2,0,0,212000000.0,29,1,0,0,0,0,0,1
5,2,0,0,30600000.0,10,0,0,0,0,0,3,5
99,2,0,0,25000000.0,11,2,0,0,0,1,3,2
9,2,0,0,203000000.0,47,2,0,0,0,1,3,2
11,2,0,0,157000000.0,77,1,0,0,0,0,0,1
6,2,1,2,172000000.0,48,2,3,0,0,0,1,2
99,2,0,0,53500000.0,60,2,0,0,0,1,3,2
37,2,0,0,327870000.0,180,0,0,0,0,0,3,5
37,2,0,0,1180000000.0,240,1,0,0,0,0,0,1
99,2,0,0,263000000.0,47,1,0,0,0,0,0,1
37,2,0,0,272700000.0,180,0,0,0,0,0,3,5
9,2,1,3,17369000.0,12,1,3,0,0,0,0,1
9,2,0,0,50000000.0,84,1,0,0,0,0,0,1
26,2,0,1,162300000.0,156,0,0,0,0,0,3,5
37,2,0,0,262500000.0,192,1,0,0,0,0,0,1
37,2,0,0,400000000.0,120,1,0,0,0,0,0,1
99,2,0,1,198470000.0,180,0,0,0,0,0,3,5
5,2,0,0,37200000.0,36,2,0,0,0,1,3,2
13,0,1,2,500000000.0,60,2,3,1,0,2,2,2
13,2,1,2,200000000.0,60,1,3,0,0,0,0,1
5,0,0,0,78300000.0,60,2,0,0,0,1,3,2
37,2,0,0,287300000.0,209,2,0,0,0,1,3,2
9,2,0,0,100000000.0,48,0,0,0,0,0,3,5
37,2,0,0,155000000.0,48,1,0,0,0,0,0,1
99,2,0,0,216000000.0,144,1,0,0,0,0,0,1
9,2,0,0,24000000.0,60,0,0,0,0,0,3,5
37,2,0,0,250000000.0,240,1,0,0,0,0,0,1
37,2,0,0,1057000000.0,240,1,0,0,0,0,0,1
5,2,0,0,70000000.0,24,0,0,0,0,0,3,5
5,0,0,0,20000000.0,36,1,0,0,0,0,0,1
37,2,0,0,200000000.0,120,1,0,0,0,0,0,1
9,2,0,0,42000000.0,60,0,0,0,0,0,3,5
99,2,0,0,25000000.0,10,2,0,0,0,1,3,2
37,2,0,0,166000000.0,65,2,0,0,0,1,3,2
10,2,0,0,100000000.0,120,1,0,0,0,0,0,1
37,2,0,0,130000000.0,48,2,0,0,0,1,3,2
12,2,0,0,50000000.0,12,2,0,0,0,1,3,2
5,2,0,0,139000000.0,84,0,0,0,0,0,3,5
37,2,0,0,160000000.0,84,1,0,0,0,0,0,1
99,2,0,0,25000000.0,11,1,0,0,0,0,0,1
9,2,0,0,200000000.0,84,0,0,0,0,0,3,5
8,0,0,1,198470000.0,180,1,0,0,0,0,0,1
37,2,0,0,200000000.0,36,1,0,0,0,0,0,1
9,2,0,0,165000000.0,21,0,0,0,0,0,3,5
19,2,0,0,251200000.0,120,1,0,0,0,0,0,1
9,2,0,0,30000000.0,36,1,0,0,0,0,0,1
8,2,0,1,300587580.0,180,0,0,0,0,0,3,5
99,2,0,0,186900000.0,76,2,0,0,0,1,3,2
99,2,0,0,89000000.0,60,2,0,0,0,1,3,2
13,2,1,2,250000000.0,48,1,3,0,0,0,0,1
5,2,0,0,27414000.0,11,2,0,0,0,1,3,2
26,2,0,0,58000000.0,48,2,0,0,0,1,3,2
99,2,0,0,100100000.0,60,0,0,0,0,0,3,5
37,1,0,0,55000000.0,60,1,0,0,0,0,0,1
8,2,0,0,45000000.0,36,1,0,0,0,0,0,1
31,1,0,0,215200000.0,120,0,0,0,0,0,3,5
4,0,0,0,200000000.0,120,1,0,0,0,0,0,1
37,2,0,0,600000000.0,36,1,0,0,0,0,0,1
9,2,0,0,291766310.0,108,0,0,0,0,0,3,5
9,2,0,0,118000000.0,36,1,0,0,0,0,0,1
9,2,0,0,24800000.0,110,1,0,0,0,0,0,1
37,2,0,0,879000000.0,183,0,0,0,0,0,3,5
8,0,0,1,179000000.0,240,2,0,0,0,1,3,2
9,2,0,0,70000000.0,60,2,0,0,0,1,3,2
5,2,0,0,128000000.0,120,1,0,0,0,0,0,1
99,2,0,0,200000000.0,72,2,0,0,0,1,3,2
37,2,0,0,50000000.0,24,2,0,0,0,1,3,2
13,0,1,2,191692800.0,60,0,3,0,0,0,3,3
5,2,0,1,175000000.0,180,1,0,0,0,0,0,1
5,2,0,0,267000000.0,120,1,0,0,0,0,0,1
37,2,0,0,270000000.0,132,0,0,0,0,0,3,5
9,2,0,0,80000000.0,60,1,0,0,0,0,0,1
37,2,0,0,230000000.0,180,1,0,0,0,0,0,1
37,2,0,0,810000000.0,192,0,0,0,0,0,3,5
26,2,0,0,200000000.0,84,1,0,0,0,0,0,1
9,2,0,0,141000000.0,60,1,0,0,0,0,0,1
99,0,0,1,160300000.0,180,0,0,0,0,0,3,5
4,2,0,0,40000000.0,12,2,0,0,0,1,3,2
9,2,0,0,113804176.0,66,2,0,0,0,1,3,2
5,2,0,1,384000000.0,117,1,0,0,0,0,0,1
5,2,0,0,55000000.0,24,2,0,0,0,1,3,2
9,2,0,0,193000000.0,96,2,0,0,0,1,3,2
37,2,0,0,368000000.0,120,0,0,0,0,0,3,5
37,0,0,0,150000000.0,120,1,0,0,0,0,0,1
99,0,0,1,179150000.0,180,1,0,0,0,0,0,1
9,2,1,2,500000000.0,60,0,3,0,0,0,3,3
26,2,0,0,130100000.0,60,1,0,0,0,0,0,1
37,2,0,0,174000000.0,48,1,0,0,0,0,0,1
13,0,1,2,150000000.0,36,0,3,0,0,0,3,3
9,2,0,0,541000000.0,149,1,0,0,0,0,0,1
37,2,0,0,135300000.0,60,1,0,0,0,0,0,1
13,2,1,2,100000000.0,36,0,3,0,0,0,3,3
9,2,0,0,20000000.0,60,2,0,0,0,1,3,2
99,2,0,0,27000000.0,11,2,0,1,0,1,3,2
16,2,1,2,15000000.0,24,1,3,0,0,0,0,1
9,2,0,0,300000000.0,96,2,0,1,0,1,3,2
9,2,0,0,20000000.0,24,2,0,1,0,1,3,2
26,2,0,0,85000000.0,60,0,0,0,0,0,3,3
37,0,0,0,36000000.0,24,1,0,0,0,0,0,1
37,2,0,0,10000000.0,36,1,0,0,0,0,0,1
13,2,1,2,150000000.0,36,0,3,0,0,0,3,3
13,2,1,2,180000000.0,60,1,3,0,0,0,0,1
13,2,1,2,200000000.0,60,1,3,0,0,0,0,1
13,2,1,2,350000000.0,48,0,3,0,0,0,3,3
31,2,0,0,247300000.0,180,1,0,0,0,0,0,1
5,0,0,1,179150000.0,180,1,0,0,0,0,0,1
10,2,0,1,210000000.0,156,0,0,0,0,0,3,3
37,2,0,0,986700000.0,240,2,0,1,0,1,3,2
5,2,0,0,600000000.0,180,2,0,1,0,1,3,2
11,1,0,0,70000000.0,107,1,0,0,0,0,0,1
4,2,0,0,1050000000.0,180,2,0,1,0,1,3,2
11,2,0,0,168300000.0,101,2,0,1,0,1,3,2
37,1,0,0,86000000.0,37,0,0,0,0,0,3,3
37,2,0,0,60000000.0,24,1,0,0,0,0,0,1
4,2,0,1,459000000.0,120,1,0,0,0,0,0,1
1,0,0,1,195800000.0,240,0,0,0,0,0,3,3
37,1,0,0,132000000.0,180,1,0,0,0,0,0,1
37,2,0,0,286100000.0,181,1,0,0,0,0,0,1
31,2,0,0,245100000.0,150,0,0,0,0,0,3,3
99,2,0,0,31500000.0,11,1,0,0,0,0,0,1
9,2,0,0,555000000.0,193,1,0,0,0,0,0,1
5,2,0,0,78600000.0,45,0,0,0,0,0,3,3
99,1,0,0,265800000.0,178,2,0,1,0,1,3,2
4,2,0,0,80000000.0,60,2,0,1,0,1,3,2
37,2,0,0,820000000.0,194,1,0,0,0,0,0,1
9,2,0,0,89000000.0,46,2,0,1,0,1,3,2
37,2,0,0,171000000.0,60,2,0,1,0,1,3,2
5,0,0,1,175190000.0,180,0,0,0,0,0,3,3
99,2,0,0,95000000.0,60,1,0,0,0,0,0,1
37,2,0,0,232000000.0,120,1,0,0,0,0,0,1
12,0,0,0,50000000.0,60,0,0,0,0,0,3,3
9,2,0,0,199800000.0,119,1,0,0,0,0,0,1
37,2,0,0,40000000.0,40,1,0,0,0,0,0,1
5,2,0,0,274000000.0,91,0,0,0,0,0,3,3
99,2,0,0,300000000.0,180,1,0,0,0,0,0,1
8,2,0,1,1000000000.0,100,1,0,0,0,0,0,1
8,0,0,1,179150000.0,180,0,0,0,0,0,3,3
26,2,0,0,228300000.0,94,2,0,1,0,1,3,2
37,2,0,0,22000000.0,180,2,0,1,0,1,3,2
11,2,0,0,54000000.0,24,1,0,0,0,0,0,1
37,2,0,0,250000000.0,84,2,0,1,0,1,3,2
9,2,0,0,330000000.0,180,2,0,1,0,1,3,2
9,1,0,0,100000000.0,39,0,0,0,0,0,3,3
37,2,0,0,135000000.0,36,1,0,0,0,0,0,1
12,0,0,0,30000000.0,48,1,0,0,0,0,0,1
9,2,0,0,302000000.0,96,0,0,0,0,0,3,3
11,2,0,0,88300000.0,60,1,0,0,0,0,0,1
4,2,0,1,12000000.0,180,1,0,0,0,0,0,1
37,2,0,0,174248961.0,107,0,0,0,0,0,3,3
13,2,0,0,21000000.0,36,1,0,0,0,0,0,1
31,1,0,0,350000000.0,120,1,0,0,0,0,0,1
37,2,0,0,1050000000.0,164,0,0,0,0,0,3,3
37,2,0,0,230000000.0,240,2,0,1,0,1,3,2
37,2,0,0,602500000.0,192,2,0,1,0,1,3,2
37,2,0,0,168700000.0,88,1,0,0,0,0,0,1
11,2,0,0,150000000.0,114,2,0,1,0,1,3,2
37,0,0,0,157000000.0,84,2,0,1,0,1,3,2
99,2,0,1,445000000.0,156,0,0,0,0,0,3,3
5,2,0,1,136666672.0,164,1,0,0,0,0,0,1
9,2,0,0,190000000.0,60,1,0,0,0,0,0,1
13,1,1,2,20000000.0,24,0,3,0,1,2,2,5
9,2,0,0,150000000.0,72,1,0,0,0,0,0,1
13,2,1,3,25000000.0,24,1,3,0,0,0,0,1
37,2,0,0,30000000.0,120,0,0,0,0,0,3,3
99,1,0,1,308500000.0,216,1,0,0,0,0,0,1
9,2,0,1,216000000.0,180,1,0,0,0,0,0,1
37,2,0,0,304000000.0,180,0,0,0,0,0,3,3
13,2,1,2,150000000.0,60,2,3,1,0,2,2,2
19,2,0,0,371300000.0,204,2,0,1,0,1,3,2
11,2,0,0,150000000.0,84,1,0,0,0,0,0,1
37,2,0,0,1226650000.0,108,2,0,1,0,1,3,2
5,2,0,0,950000000.0,156,2,0,1,0,1,3,2
9,1,0,0,17500000.0,77,0,0,0,0,0,3,3
37,2,0,0,93000000.0,60,1,0,0,0,0,0,1
19,2,0,0,110000000.0,168,1,0,0,0,0,0,1
9,2,0,0,25000000.0,60,0,0,0,0,0,3,3
37,2,0,0,100000000.0,60,1,0,0,0,0,0,1
37,2,0,0,100000000.0,60,1,0,0,0,0,0,1
13,2,1,2,500000000.0,60,0,3,0,1,2,2,5
13,2,1,2,250000000.0,48,1,3,0,0,0,0,1
99,2,0,0,25000000.0,11,1,0,0,0,0,0,1
31,2,0,0,249000000.0,166,0,0,0,0,0,3,3
12,2,0,0,200000000.0,84,2,0,1,0,1,3,2
12,2,0,0,550000000.0,192,2,0,1,0,1,3,2
19,2,0,0,550000000.0,144,1,0,0,0,0,0,1
37,2,0,0,210400000.0,69,2,0,1,0,1,3,2
5,1,0,0,50000000.0,60,2,0,1,0,1,3,2
13,0,1,2,160000000.0,60,0,3,0,0,0,3,3
5,2,0,0,25150000.0,11,1,0,0,0,0,0,1
99,2,1,2,50000000.0,36,1,3,0,0,0,0,1
99,2,0,0,173500000.0,60,0,0,0,0,0,3,3
9,2,0,0,85000000.0,60,1,0,0,0,0,0,1
99,2,0,1,175000000.0,120,1,0,0,0,0,0,1
37,2,0,0,50000000.0,48,0,0,0,0,0,3,3
13,2,0,0,229800000.0,180,1,0,0,0,0,0,1
26,2,0,0,82700000.0,60,1,0,0,0,0,0,1
4,2,0,0,150000000.0,60,0,0,0,0,0,3,3
5,2,0,0,89000000.0,48,2,0,1,0,1,3,2
13,2,1,2,25000000.0,24,2,3,1,0,2,2,2
9,2,0,0,180000000.0,128,1,0,0,0,0,0,1
1,2,0,1,819000000.0,120,2,0,1,0,1,3,2
9,2,0,0,95700000.0,60,2,0,1,0,1,3,2
7,2,0,0,42000000.0,60,0,0,0,0,0,3,3
11,2,0,0,187000000.0,108,1,0,0,0,0,0,1
18,1,0,0,683000000.0,168,1,0,0,0,0,0,1
9,2,0,0,106000000.0,60,0,0,0,0,0,3,3
99,2,0,1,750000000.0,228,1,0,0,0,0,0,1
9,2,0,0,100000000.0,60,1,0,0,0,0,0,1
9,2,0,0,55000000.0,51,0,0,0,0,0,3,3
11,2,0,0,90000000.0,60,1,0,0,0,0,0,1
9,2,0,0,150000000.0,60,1,0,0,0,0,0,1
9,2,0,0,460000000.0,129,0,0,0,0,0,3,3
5,2,0,0,24500000.0,10,2,0,1,0,1,3,2
12,2,0,1,309000000.0,180,2,0,1,0,1,3,2
37,2,0,0,100000000.0,60,1,0,0,0,0,0,1
9,2,0,0,229411076.0,105,2,0,1,0,1,3,2
37,0,0,0,64000000.0,36,2,0,1,0,1,3,2
9,2,0,0,33000000.0,104,0,0,0,0,0,3,3
37,2,0,0,191650000.0,84,1,0,0,0,0,0,1
37,2,0,0,221000000.0,120,1,0,0,0,0,0,1
99,1,0,0,24500000.0,10,0,0,0,0,0,3,3
9,2,0,0,67600000.0,55,1,0,0,0,0,0,1
9,2,0,0,100000000.0,60,1,0,0,0,0,0,1
5,2,0,0,146000000.0,168,0,0,0,0,0,3,3
99,2,0,0,273900000.0,180,1,0,0,0,0,0,1
9,2,0,0,17000000.0,24,1,0,0,0,0,0,1
99,2,0,1,300000000.0,180,0,0,0,0,0,3,3
9,2,0,0,162000000.0,60,2,0,1,0,1,3,2
37,2,0,0,159000000.0,96,2,0,1,0,1,3,2
13,0,1,2,150000000.0,48,1,3,0,0,0,0,1
9,2,0,0,54000000.0,24,2,0,1,0,1,3,2
31,2,0,0,69300000.0,180,2,0,1,0,1,3,2
19,2,0,0,473800000.0,180,0,0,0,0,0,3,3
32,2,0,0,70000000.0,36,1,0,0,0,0,0,1
99,2,0,0,369500000.0,180,1,0,0,0,0,0,1
37,2,0,0,90000000.0,60,0,0,0,0,0,3,3
99,2,0,0,228500000.0,120,1,0,0,0,0,0,1
13,2,1,2,150000000.0,60,1,3,0,0,0,0,1
9,2,0,1,322042364.0,84,0,0,0,0,0,3,3
99,2,0,0,22000000.0,9,1,0,0,0,0,0,1
9,2,0,0,266000000.0,96,1,0,0,0,0,0,1
9,2,0,0,262000000.0,96,0,0,0,0,0,3,3
5,2,0,0,494200000.0,132,2,0,1,0,1,3,2
99,2,0,0,202000000.0,120,2,0,1,0,1,3,2
9,2,0,0,22000000.0,24,1,0,0,0,0,0,1
37,2,0,0,75000000.0,84,2,0,1,0,1,3,2
37,0,0,0,199000000.0,60,2,0,1,0,1,3,2
37,2,0,0,145000000.0,72,0,0,0,0,0,3,3
5,2,0,0,298000000.0,165,1,0,0,0,0,0,1
11,2,0,0,60000000.0,36,1,0,0,0,0,0,1
37,2,0,0,177000000.0,60,0,0,0,0,0,3,3
99,2,0,0,30000000.0,36,1,0,0,0,0,0,1
31,2,0,0,36700000.0,180,1,0,0,0,0,0,1
37,2,0,0,100000000.0,60,0,0,0,0,0,3,3
9,0,0,0,259300000.0,180,1,0,0,0,0,0,1
37,2,0,0,338000000.0,120,1,0,0,0,0,0,1
9,2,0,0,305000000.0,84,0,0,0,0,0,3,3
99,2,0,1,187000000.0,120,2,0,1,0,1,3,2
31,0,0,0,30000000.0,120,2,0,1,0,1,3,2
99,0,0,1,157700000.0,180,1,0,0,0,0,0,1
37,1,0,0,210000000.0,72,2,0,1,0,1,3,2
4,0,0,0,25000000.0,36,2,0,1,0,1,3,2
13,2,1,2,200000000.0,60,0,3,0,0,0,3,3
13,2,1,2,450000000.0,60,1,3,0,0,0,0,1
99,0,0,0,12000000.0,10,1,0,0,0,0,0,1
37,2,0,0,575000000.0,102,0,0,0,0,0,3,3
9,2,0,0,53000000.0,36,1,0,0,0,0,0,1
31,2,0,0,463700000.0,168,1,0,0,0,0,0,1
9,2,0,0,130000000.0,60,0,0,0,0,0,3,3
37,2,0,0,364023244.0,110,1,0,0,0,0,0,1
6,2,1,2,270000000.0,60,1,3,0,0,0,0,1
9,0,0,0,70000000.0,60,0,0,0,0,0,3,3
99,0,0,0,13000000.0,9,2,0,1,0,1,3,2
19,0,0,0,437600000.0,121,2,0,1,0,1,3,2
13,2,1,2,500000000.0,60,1,3,0,0,0,0,1
13,2,1,2,180000000.0,60,2,3,1,0,2,2,2
11,2,0,0,148000000.0,86,2,0,1,0,1,3,2
13,2,1,2,400000000.0,48,0,3,0,0,0,3,3
99,2,1,2,500000000.0,60,1,3,0,0,0,0,1
37,2,0,0,10000000.0,24,1,0,0,0,0,0,1
37,2,0,0,847000000.0,180,0,0,0,0,0,3,3
9,2,0,0,93800000.0,60,1,0,0,0,0,0,1
9,2,0,0,100000000.0,60,1,0,0,0,0,0,1
37,1,0,0,919600000.0,49,0,0,0,0,0,3,3
9,0,0,0,145000000.0,120,1,0,0,0,0,0,1
99,2,0,0,316000000.0,121,1,0,0,0,0,0,1
31,2,0,0,9800000.0,180,0,0,0,0,0,3,3
37,2,0,0,150000000.0,120,2,0,1,0,1,3,2
37,2,0,0,304400000.0,180,2,0,1,0,1,3,2
9,2,0,0,6000000.0,52,1,0,0,0,0,0,1
37,2,0,0,372000000.0,204,2,0,1,0,1,3,2
37,1,0,0,53000000.0,36,2,0,1,0,1,3,2
99,2,0,1,400000000.0,96,0,0,0,0,0,3,3
19,2,0,0,260000000.0,120,1,0,0,0,0,0,1
19,2,0,0,314000000.0,168,1,0,0,0,0,0,1
99,2,0,0,30000000.0,10,0,0,0,0,0,3,3
9,2,0,0,200000000.0,119,1,0,0,0,0,0,1
37,0,0,0,240000000.0,60,1,0,0,0,0,0,1
37,2,0,0,138200000.0,198,0,0,0,0,0,3,3
9,2,0,0,445000000.0,129,1,0,0,0,0,0,1
26,2,0,0,55000000.0,24,1,0,0,0,0,0,1
99,2,0,0,157000000.0,120,0,0,0,0,0,3,3
37,2,0,0,140000000.0,72,2,0,1,0,1,3,2
37,2,0,0,12000000.0,16,2,0,1,0,1,3,2
19,2,0,0,219000000.0,60,1,0,0,0,0,0,1
5,2,0,0,376500000.0,180,2,0,1,0,1,3,2
37,2,0,0,104690000.0,60,2,0,1,0,1,3,2
37,2,0,0,70000000.0,36,0,0,0,0,0,3,3
9,2,0,0,23000000.0,24,1,0,0,0,0,0,1
26,2,0,0,427800000.0,84,1,0,0,0,0,0,1
37,2,0,0,30000000.0,137,0,0,0,0,0,3,3
37,2,0,0,215000000.0,240,1,0,0,0,0,0,1
37,2,0,0,535000000.0,96,1,0,0,0,0,0,1
13,0,1,2,300000000.0,60,0,3,0,0,0,3,3
37,2,0,0,250000000.0,73,1,0,0,0,0,0,1
13,2,1,2,250000000.0,60,1,3,0,0,0,0,1
12,2,0,0,168000000.0,60,0,0,0,0,0,3,3
37,2,0,0,70000000.0,24,2,0,1,0,1,3,2
19,2,0,0,65000000.0,36,2,0,1,0,1,3,2
19,0,0,0,300000000.0,180,1,0,0,0,0,0,1
1,0,0,0,50000000.0,36,2,0,1,0,1,3,2
9,1,0,0,52000000.0,60,2,0,1,0,1,3,2
37,1,0,0,319000000.0,65,0,0,0,0,0,3,3
9,2,0,0,190700000.0,120,1,0,0,0,0,0,1
9,0,0,0,20000000.0,12,1,0,0,0,0,0,1
99,2,0,0,104600000.0,60,0,0,0,0,0,3,3
9,2,0,0,342000000.0,120,1,0,0,0,0,0,1
99,2,0,0,171900000.0,60,1,0,0,0,0,0,1
99,2,0,0,360000000.0,132,0,0,0,0,0,3,3
31,0,0,0,110000000.0,84,1,0,0,0,0,0,1
9,2,0,0,184000000.0,60,1,0,0,0,0,0,1
37,2,0,0,210000000.0,156,0,0,0,0,0,3,3
4,2,0,0,75000000.0,140,2,0,1,0,1,3,2
19,2,0,0,250000000.0,84,2,0,1,0,1,3,2
19,2,0,0,225000000.0,84,1,0,0,0,0,0,1
99,0,0,1,198470000.0,180,2,0,1,0,1,3,2
99,0,0,0,360000000.0,168,2,0,1,0,1,3,2
99,2,0,0,101600000.0,60,0,0,0,0,0,3,3
99,2,0,1,50000000.0,144,1,0,0,0,0,0,1
8,2,0,1,179150000.0,180,1,0,0,0,0,0,1
37,2,0,0,475000000.0,180,0,0,0,0,0,3,3
37,0,0,0,50000000.0,60,1,0,0,0,0,0,1
37,2,0,0,239000000.0,120,1,0,0,0,0,0,1
3,1,1,3,200000000.0,60,0,3,0,0,0,3,3
26,2,0,0,190600000.0,106,1,0,0,0,0,0,1
4,0,0,0,62641475.0,69,1,0,0,0,0,0,1
37,2,0,0,370000000.0,168,0,0,0,0,0,3,3
9,2,0,0,95750000.0,60,2,0,1,0,1,3,2
37,2,0,0,25000000.0,30,2,0,1,0,1,3,2
4,2,0,1,232067220.0,176,1,0,0,0,0,0,1
37,2,0,0,50000000.0,48,2,0,1,0,1,3,2
5,2,0,0,62000000.0,60,2,0,1,0,1,3,2
37,2,0,0,210000000.0,84,0,0,0,0,0,3,3
5,2,0,0,500000000.0,180,1,0,0,0,0,0,1
11,2,0,0,48300000.0,36,1,0,0,0,0,0,1
5,2,0,0,25169000.0,11,0,0,0,0,0,3,3
13,0,1,2,444686937.0,60,1,3,0,0,0,0,1
1,0,0,0,207400000.0,96,1,0,0,0,0,0,1
99,2,0,0,96850000.0,60,0,0,0,0,0,3,3
37,2,0,0,150000000.0,48,1,0,0,0,0,0,1
13,0,1,2,25000000.0,24,1,3,0,0,0,0,1
99,2,0,0,5000000.0,12,0,0,0,0,0,3,3
37,2,0,0,102000000.0,60,2,0,1,0,1,3,2
37,0,0,0,90000000.0,60,2,0,1,0,1,3,2
99,2,0,0,24300000.0,10,1,0,0,0,0,0,1
12,2,0,0,50000000.0,60,2,0,1,0,1,3,2
37,2,0,0,255900000.0,117,2,0,1,0,1,3,2
99,2,0,0,24500000.0,10,0,0,0,0,0,3,3
99,0,0,0,28800000.0,10,1,0,0,0,0,0,1
99,0,0,0,20000000.0,10,1,0,0,0,0,0,1
37,2,0,0,92000000.0,60,0,0,0,0,0,3,3
13,2,1,2,250000000.0,60,1,3,0,0,0,0,1
21,2,0,0,765500000.0,142,1,0,0,0,0,0,1
37,2,0,0,160000000.0,60,0,0,0,0,0,3,3
19,2,0,0,239000000.0,60,1,0,0,0,0,0,1
37,2,0,0,60000000.0,60,1,0,0,0,0,0,1
99,0,0,0,32993000.0,10,0,0,0,0,0,3,3
99,2,0,1,179000000.0,180,2,0,1,0,1,3,2
9,2,0,1,198470000.0,180,2,0,1,0,1,3,2
13,2,0,0,276500000.0,132,1,0,0,0,0,0,1
31,2,0,0,152700000.0,78,2,0,1,0,1,3,2
99,2,0,0,305500000.0,168,2,0,1,0,1,3,2
37,1,0,0,292800000.0,176,0,0,0,0,0,3,3
37,1,0,0,310000000.0,60,1,0,0,0,0,0,1
37,0,0,0,355000000.0,120,1,0,0,0,0,0,1
31,2,0,0,410900000.0,180,0,0,0,0,0,3,3
37,2,0,0,320000000.0,60,1,0,0,0,0,0,1
99,2,0,1,402269591.0,150,1,0,0,0,0,0,1
31,2,0,0,112500000.0,120,0,0,0,0,0,3,3
4,2,0,0,50000000.0,156,1,0,0,0,0,0,1
11,2,0,0,214000000.0,119,1,0,0,0,0,0,1
26,2,0,0,617000000.0,120,0,0,0,0,0,3,3
37,1,0,0,200000000.0,108,2,0,1,0,1,3,2
5,0,0,1,246840000.0,180,2,0,1,0,1,3,2
13,2,1,2,500000000.0,60,1,3,0,0,0,0,1
37,2,0,0,50000000.0,36,2,0,1,0,1,3,2
31,1,0,0,235900000.0,180,2,0,1,0,1,3,2
37,2,0,0,600000000.0,84,0,0,0,0,0,3,3
9,2,0,0,80000000.0,48,1,0,0,0,0,0,1
37,2,0,0,100000000.0,36,1,0,0,0,0,0,1
37,2,0,0,141000000.0,48,0,0,0,0,0,3,3
37,2,0,0,200000000.0,120,1,0,0,0,0,0,1
9,2,0,0,200000000.0,168,1,0,0,0,0,0,1
37,2,0,0,300000000.0,192,0,0,0,0,0,3,3
5,1,0,0,22000000.0,9,1,0,0,0,0,0,1
37,2,0,0,172000000.0,63,1,0,0,0,0,0,1
99,2,0,0,108000000.0,180,0,0,0,0,0,3,3
37,2,0,0,100000000.0,80,2,0,1,0,1,3,2
9,2,0,0,156000000.0,60,2,0,1,0,1,3,2
99,2,0,0,61000000.0,48,1,0,0,0,0,0,1
5,2,0,0,102000000.0,60,2,0,1,0,1,3,2
26,2,0,0,120000000.0,60,2,0,1,0,1,3,2
37,0,0,0,100000000.0,36,0,0,0,0,0,3,3
37,2,0,0,398000000.0,168,1,0,0,0,0,0,1
19,2,0,0,243000000.0,120,1,0,0,0,0,0,1
9,2,0,0,174000000.0,60,0,0,0,0,0,3,3
99,0,0,0,128000000.0,120,1,0,0,0,0,0,1
5,2,0,0,60000000.0,48,1,0,0,0,0,0,1
11,1,0,0,105700000.0,48,0,0,0,0,0,3,3
99,2,0,1,50000000.0,156,1,0,0,0,0,0,1
37,2,0,0,50000000.0,60,1,0,0,0,0,0,1
9,2,0,0,17500000.0,60,0,0,0,0,0,3,3
9,2,0,0,135000000.0,84,2,0,1,0,1,3,2
5,2,0,0,756300000.0,168,2,0,1,0,1,3,2
5,2,0,0,1163000000.0,240,1,0,0,0,0,0,1
99,2,0,0,22280000.0,9,2,0,1,0,1,3,2
99,2,0,0,126000000.0,120,2,0,1,0,1,3,2
31,2,0,0,305000000.0,156,0,0,0,0,0,3,3
37,2,0,0,50000000.0,60,1,0,0,0,0,0,1
37,2,0,0,200000000.0,50,1,0,0,0,0,0,1
37,2,0,0,140000000.0,60,0,0,0,0,0,3,3
99,2,1,3,1914000.0,12,1,3,0,0,0,0,1
4,0,0,0,250000000.0,216,1,0,0,0,0,0,1
99,2,1,3,3049000.0,12,0,3,0,0,0,3,3
4,0,0,0,400000000.0,84,1,0,0,0,0,0,1
13,2,0,0,24500000.0,10,1,0,0,0,0,0,1
37,0,0,1,205000000.0,180,0,0,0,0,0,3,3
37,2,0,0,313963130.0,70,2,0,1,0,1,3,2
99,2,0,0,415000000.0,180,2,0,1,0,1,3,2
19,2,0,0,910000000.0,92,1,0,0,0,0,0,1
26,2,0,0,12000000.0,9,2,0,1,0,1,3,2
37,2,0,0,290000000.0,139,2,0,1,0,1,3,2
99,0,0,1,179000000.0,180,0,0,0,0,0,3,4
4,2,0,0,1010000000.0,164,1,0,0,0,0,0,1
37,2,0,0,780000000.0,204,1,0,0,0,0,0,1
13,2,0,1,179150000.0,180,0,0,0,0,0,3,4
99,2,0,0,86000000.0,57,1,0,0,0,0,0,1
37,2,0,0,525000000.0,120,1,0,0,0,0,0,1
37,2,0,0,500000000.0,180,0,0,0,0,0,3,4
20,2,0,1,140500000.0,180,1,0,0,0,0,0,1
19,2,0,0,381000000.0,168,1,0,0,0,0,0,1
37,2,0,0,217000000.0,96,0,0,0,0,0,3,4
11,2,0,0,110000000.0,60,2,0,1,0,1,3,2
26,2,0,0,198300000.0,120,2,0,1,0,1,3,2
37,2,0,0,233000000.0,59,1,0,0,0,0,0,1
13,2,1,2,105000000.0,36,2,3,1,0,2,2,2
99,0,0,1,335412000.0,204,2,0,1,0,1,3,2
37,2,0,0,84000000.0,33,0,0,0,0,0,3,4
9,2,0,0,250000000.0,120,1,0,0,0,0,0,1
9,2,0,0,438000000.0,104,1,0,0,0,0,0,1
8,0,0,1,179000000.0,180,0,0,0,0,0,3,4
37,2,0,0,718000000.0,198,1,0,0,0,0,0,1
37,2,0,0,153000000.0,60,1,0,0,0,0,0,1
99,0,1,2,15000000.0,24,0,3,0,0,0,3,3
18,2,0,0,783000000.0,120,1,0,0,0,0,0,1
13,0,1,2,500000000.0,60,1,3,0,0,0,0,1
13,2,1,2,350000000.0,60,0,3,0,0,0,3,3
37,2,0,0,100000000.0,60,2,0,1,0,1,3,2
99,2,0,0,12000000.0,11,2,0,1,0,1,3,2
99,2,0,0,210000000.0,48,1,0,0,0,0,0,1
26,2,0,0,230000000.0,81,2,0,1,0,1,3,2
9,2,0,0,94300000.0,60,2,0,1,0,1,3,2
9,2,0,0,200000000.0,84,0,0,0,0,0,3,4
37,2,0,0,196000000.0,36,1,0,0,0,0,0,1
5,2,0,0,90000000.0,60,1,0,0,0,0,0,1
99,2,0,0,104600000.0,60,0,0,0,0,0,3,4
37,2,0,0,100000000.0,120,1,0,0,0,0,0,1
99,2,0,0,17100000.0,11,1,0,0,0,0,0,1
9,2,0,0,90000000.0,60,0,0,0,0,0,3,4
13,2,1,2,25000000.0,24,1,3,0,0,0,0,1
99,0,0,0,47900000.0,36,1,0,0,0,0,0,1
13,2,1,2,250000000.0,60,0,3,0,0,0,3,3
5,2,0,0,24000000.0,10,2,0,1,0,1,3,2
99,2,0,0,267000000.0,120,2,0,1,0,1,3,2
13,2,1,2,500000000.0,60,1,3,0,0,0,0,1
5,2,0,0,537000000.0,180,2,0,1,0,1,3,2
31,2,0,0,112000000.0,120,2,0,1,0,1,3,2
99,2,0,0,24000000.0,10,0,0,0,0,0,3,4
37,1,0,0,527000000.0,52,1,0,0,0,0,0,1
5,0,0,0,163000000.0,84,1,0,0,0,0,0,1
13,2,1,2,150000000.0,48,0,3,0,0,0,3,3
37,1,0,0,128000000.0,44,1,0,0,0,0,0,1
99,2,0,0,12900000.0,8,1,0,0,0,0,0,1
19,2,0,0,210000000.0,48,0,0,0,0,0,3,4
9,2,0,0,280500000.0,79,1,0,0,0,0,0,1
19,2,0,0,300000000.0,121,1,0,0,0,0,0,1
99,2,0,1,162320000.0,180,0,0,0,0,0,3,4
9,2,0,0,180000000.0,36,2,0,1,0,1,3,2
19,2,0,0,344200000.0,180,2,0,1,0,1,3,2
9,2,0,0,382000000.0,96,1,0,0,0,0,0,1
12,2,0,0,33000000.0,24,2,0,1,0,1,3,2
4,1,0,0,210000000.0,180,2,0,1,0,1,3,2
9,2,0,0,190000000.0,121,0,0,0,0,0,3,4
37,2,0,0,40000000.0,60,1,0,0,0,0,0,1
37,2,0,0,142700000.0,160,1,0,0,0,0,0,1
10,2,0,0,174000000.0,109,0,0,0,0,0,3,4
99,0,0,0,30000000.0,24,1,0,0,0,0,0,1
11,2,0,0,140000000.0,72,1,0,0,0,0,0,1
19,2,0,0,35000000.0,36,0,0,0,0,0,3,4
5,2,0,0,24400000.0,10,1,0,0,0,0,0,1
99,2,1,2,200000000.0,48,1,3,0,0,0,0,1
37,2,0,1,289884046.0,79,0,0,0,0,0,3,4
99,2,0,0,12000000.0,25,2,0,1,0,1,3,2
99,2,0,1,176000000.0,180,2,0,1,0,1,3,2
9,1,0,0,509000000.0,180,1,0,0,0,0,0,1
13,2,1,2,105000000.0,48,2,3,1,0,2,2,2
9,2,0,0,60000000.0,60,2,0,1,0,1,3,2
99,0,0,0,295800000.0,180,0,0,0,0,0,3,4
99,2,0,1,300000000.0,145,1,0,0,0,0,0,1
4,2,0,0,64000000.0,36,1,0,0,0,0,0,1
9,2,0,0,24010110.0,14,0,0,0,0,0,3,4
9,2,0,0,110000000.0,60,1,0,0,0,0,0,1
37,2,0,0,96000000.0,168,1,0,0,0,0,0,1
5,0,0,0,310000000.0,168,0,0,0,0,0,3,4
37,2,0,0,357000000.0,188,1,0,0,0,0,0,1
99,2,0,1,388575650.0,180,1,0,0,0,0,0,1
99,2,0,0,100000000.0,84,0,0,0,0,0,3,4
9,0,0,0,141000000.0,60,2,0,1,0,1,3,2
99,0,1,2,150000000.0,60,2,3,0,0,0,1,2
5,2,0,0,290000000.0,148,1,0,0,0,0,0,1
5,2,0,0,40000000.0,36,2,0,1,0,1,3,2
9,2,0,0,179400000.0,38,2,0,1,0,1,3,2
13,2,1,2,200000000.0,60,0,3,0,0,0,3,3
9,1,0,0,122000000.0,60,1,0,0,0,0,0,1
37,2,0,0,66000000.0,180,1,0,0,0,0,0,1
12,0,0,0,17000000.0,36,0,0,0,0,0,3,4
13,0,1,2,150000000.0,48,1,3,0,0,0,0,1
5,2,0,0,80000000.0,48,1,0,0,0,0,0,1
37,2,0,0,150000000.0,96,0,0,0,0,0,3,4
37,2,0,0,258000000.0,96,1,0,0,0,0,0,1
18,2,0,0,150000000.0,48,1,0,0,0,0,0,1
13,2,1,3,87150000.0,60,0,3,0,0,0,3,3
37,2,0,0,98000000.0,60,2,0,1,0,1,3,2
99,2,0,0,20100000.0,8,2,0,1,0,1,3,2
13,2,0,1,179150000.0,180,1,0,0,0,0,0,1
26,2,0,0,420800000.0,61,2,0,1,0,1,3,2
13,2,1,2,105000000.0,60,2,3,0,0,0,1,2
9,2,0,0,194000000.0,73,0,0,0,0,0,3,4
5,2,0,1,780000000.0,240,1,0,0,0,0,0,1
5,2,0,0,120000000.0,72,1,0,0,0,0,0,1
9,2,0,0,168000000.0,60,0,0,0,0,0,3,4
9,2,0,0,140000000.0,60,1,0,0,0,0,0,1
37,2,0,0,406000000.0,54,1,0,0,0,0,0,1
13,2,1,2,20000000.0,24,0,3,0,0,0,3,3
37,2,0,0,165000000.0,73,1,0,0,0,0,0,1
99,2,0,0,65000000.0,36,1,0,0,0,0,0,1
9,2,0,0,402600000.0,120,0,0,0,0,0,3,4
37,2,0,0,121000000.0,60,2,0,1,0,1,3,2
11,1,0,0,103000000.0,48,2,0,1,0,1,3,2
99,2,0,1,366000000.0,180,1,0,0,0,0,0,1
37,1,0,0,337100000.0,108,2,0,1,0,1,3,2
9,1,0,0,35000000.0,60,2,0,1,0,1,3,2
20,2,0,0,30000000.0,36,0,0,0,0,0,3,4
99,0,0,0,259835000.0,120,1,0,0,0,0,0,1
9,2,0,0,225000000.0,90,1,0,0,0,0,0,1
37,2,0,0,107000000.0,60,0,0,0,0,0,3,4
37,2,0,0,331300000.0,161,1,0,0,0,0,0,1
37,1,0,0,160000000.0,96,1,0,0,0,0,0,1
37,2,0,0,104000000.0,14,0,0,0,0,0,3,4
5,0,0,1,162300000.0,144,1,0,0,0,0,0,1
19,0,0,0,300000000.0,132,1,0,0,0,0,0,1
4,2,0,0,250000000.0,60,0,0,0,0,0,3,4
12,2,0,0,250000000.0,120,2,0,1,0,1,3,2
37,2,0,0,252600000.0,162,2,0,1,0,1,3,2
9,2,0,0,20000000.0,36,1,0,0,0,0,0,1
99,2,0,0,15000000.0,11,2,0,1,0,1,3,2
9,2,0,0,11500000.0,48,2,0,1,0,1,3,2
37,2,0,0,32000000.0,53,0,0,0,0,0,3,4
9,2,0,0,375000000.0,240,1,0,0,0,0,0,1
19,2,0,0,242600000.0,77,1,0,0,0,0,0,1
9,2,0,0,130000000.0,48,0,0,0,0,0,3,4
99,0,0,0,55000000.0,60,1,0,0,0,0,0,1
99,2,0,0,17300000.0,10,1,0,0,0,0,0,1
36,2,0,0,100000000.0,96,0,0,0,0,0,3,4
4,2,0,0,336800000.0,180,1,0,0,0,0,0,1
99,2,0,1,364000000.0,211,1,0,0,0,0,0,1
14,2,0,0,150000000.0,60,0,0,0,0,0,3,4
37,2,0,0,515000000.0,131,2,0,1,0,1,3,2
9,2,0,0,30000000.0,118,2,0,1,0,1,3,2
4,2,0,0,105000000.0,12,1,0,0,0,0,0,1
19,2,0,0,250000000.0,84,2,0,1,0,1,3,2
13,2,1,3,250000000.0,48,2,0,0,0,0,1,2
13,1,1,2,300000000.0,48,0,3,0,0,0,3,3
19,0,0,0,485000000.0,168,1,0,0,0,0,0,1
37,2,0,0,96000000.0,60,1,0,0,0,0,0,1
19,2,1,3,3975000.0,12,0,1,0,0,0,2,5
37,2,0,0,600000000.0,60,1,0,0,0,0,0,1
99,2,0,0,302000000.0,180,1,0,0,0,0,0,1
37,2,0,0,430000000.0,84,0,0,0,0,0,3,4
99,2,0,0,581000000.0,168,1,0,0,0,0,0,1
13,2,1,2,25000000.0,36,1,3,0,0,0,0,1
37,2,0,0,99000000.0,60,0,0,0,0,0,3,4
13,2,1,2,500000000.0,60,2,3,0,0,0,1,2
9,2,0,0,38000000.0,36,2,0,1,0,1,3,2
37,2,0,0,150000000.0,84,1,0,0,0,0,0,1
5,2,0,0,12000000.0,36,2,0,1,0,1,3,2
37,1,0,0,228500000.0,51,2,0,1,0,1,3,2
5,0,0,0,210000000.0,108,0,0,0,0,0,3,4
9,2,0,0,178000000.0,60,1,0,0,0,0,0,1
37,2,0,0,200000000.0,60,1,0,0,0,0,0,1
12,0,0,0,15000000.0,12,0,0,0,0,0,3,4
13,0,1,2,30000000.0,24,1,3,0,0,0,0,1
37,1,0,0,121000000.0,84,1,0,0,0,0,0,1
9,2,0,0,365000000.0,120,0,0,0,0,0,3,4
9,2,0,0,54000000.0,24,1,0,0,0,0,0,1
9,0,0,0,155000000.0,60,1,0,0,0,0,0,1
9,2,0,0,89000000.0,60,0,0,0,0,0,3,4
37,2,0,0,163500000.0,36,2,0,1,0,1,3,2
37,2,0,0,150000000.0,96,2,0,1,0,1,3,2
37,0,0,0,109000000.0,36,1,0,0,0,0,0,1
37,2,0,0,213118304.0,98,2,0,1,0,1,3,2
5,2,0,0,103000000.0,60,2,0,1,0,1,3,2
19,2,0,0,311000000.0,144,0,0,0,0,0,3,4
5,2,0,0,162000000.0,180,1,0,0,0,0,0,1
37,2,0,0,5000000.0,5,1,0,0,0,0,0,1
37,2,0,0,215000000.0,60,0,0,0,0,0,3,4
4,2,0,0,400000000.0,86,1,0,0,0,0,0,1
37,2,0,0,100000000.0,60,1,0,0,0,0,0,1
37,0,0,0,55000000.0,48,0,0,0,0,0,3,4
37,2,0,0,768900000.0,156,1,0,0,0,0,0,1
13,2,1,2,105000000.0,48,1,3,0,0,0,0,1
5,0,0,0,306000000.0,180,0,0,0,0,0,3,4
9,2,0,0,138000000.0,84,2,0,1,0,1,3,2
37,2,0,0,165000000.0,60,2,0,1,0,1,3,2
37,2,0,0,562700000.0,120,1,0,0,0,0,0,1
37,2,0,1,195169546.0,116,2,0,1,0,1,3,2
9,2,1,3,13105000.0,36,2,0,0,0,0,1,2
37,2,0,0,25000000.0,72,0,0,0,0,0,3,4
37,2,0,0,344000000.0,152,1,0,0,0,0,0,1
5,2,1,2,101000000.0,60,1,3,0,0,0,0,1
37,0,0,0,25000000.0,36,0,0,0,0,0,3,4
4,0,0,0,200000000.0,72,1,0,0,0,0,0,1
31,2,0,0,222600000.0,168,1,0,0,0,0,0,1
6,2,1,2,150000000.0,48,0,1,0,0,0,2,5
11,2,0,0,328700000.0,120,1,0,0,0,0,0,1
37,2,0,0,630000000.0,120,1,0,0,0,0,0,1
5,2,0,0,275000000.0,61,0,0,0,0,0,3,4
37,2,0,0,110000000.0,84,2,0,1,0,1,3,2
37,1,0,0,210000000.0,120,2,0,1,0,1,3,2
26,2,0,0,244000000.0,120,1,0,0,0,0,0,1
9,1,0,0,61400000.0,36,2,0,1,0,1,3,2
37,2,0,0,127000000.0,60,2,0,1,0,1,3,2
37,2,0,0,498000000.0,180,0,0,0,0,0,3,4
37,2,0,0,415000000.0,81,1,0,0,0,0,0,1
9,2,0,0,150000000.0,120,1,0,0,0,0,0,1
12,2,0,0,18000000.0,48,0,0,0,0,0,3,4
37,0,0,0,240000000.0,121,1,0,0,0,0,0,1
26,2,0,0,95900000.0,60,1,0,0,0,0,0,1
9,0,0,0,100000000.0,60,0,0,0,0,0,3,5
9,2,0,0,274000000.0,96,1,0,0,0,0,0,1
37,2,0,0,332000000.0,166,1,0,0,0,0,0,1
5,2,0,1,614400000.0,240,0,0,0,0,0,3,5
99,2,1,2,105000000.0,60,2,3,0,0,0,1,2
37,2,0,0,69400000.0,38,2,0,1,0,1,3,2
37,2,0,0,859000000.0,110,1,0,0,0,0,0,1
4,2,0,0,50000000.0,60,2,0,1,0,1,3,2
37,2,0,0,150000000.0,26,2,0,1,0,1,3,2
19,2,0,0,351000000.0,180,0,0,0,0,0,3,5
37,2,0,0,211000000.0,120,1,0,0,0,0,0,1
9,2,0,0,270000000.0,90,1,0,0,0,0,0,1
9,2,0,0,60000000.0,60,0,0,0,0,0,3,5
9,2,0,0,180000000.0,72,1,0,0,0,0,0,1
4,2,0,0,900000000.0,132,1,0,0,0,0,0,1
99,2,0,0,30000000.0,10,0,0,0,0,0,3,5
8,2,0,0,25000000.0,36,1,0,0,0,0,0,1
37,0,0,0,75000000.0,48,1,0,0,0,0,0,1
5,0,0,0,96700000.0,60,0,0,0,0,0,3,5
9,2,0,0,93000000.0,60,2,0,1,0,1,3,2
37,2,0,0,225000000.0,92,2,0,1,0,1,3,2
37,2,0,0,240000000.0,120,1,0,0,0,0,0,1
6,2,0,1,992020150.0,108,2,0,1,0,1,3,2
37,0,0,0,722000000.0,141,2,0,1,0,1,3,2
37,2,0,0,620000000.0,40,0,0,0,0,0,3,5
9,2,0,0,158000000.0,60,1,0,0,0,0,0,1
9,2,0,0,150000000.0,60,1,0,0,0,0,0,1
99,2,0,0,50000000.0,24,0,0,0,0,0,3,5
13,2,1,2,100000000.0,19,1,3,0,0,0,0,1
9,2,0,0,20000000.0,60,1,0,0,0,0,0,1
37,2,0,0,403900000.0,180,0,0,0,0,0,3,5
4,2,0,0,323000000.0,180,1,0,0,0,0,0,1
9,2,0,0,349000000.0,132,1,0,0,0,0,0,1
37,2,0,0,64800000.0,88,0,0,0,0,0,3,5
99,2,0,0,350000000.0,120,2,0,1,0,1,3,2
9,2,0,0,133900000.0,48,2,0,1,0,1,3,2
4,2,0,1,290904853.0,168,1,0,0,0,0,0,1
9,2,0,0,230000000.0,72,2,0,1,0,1,3,2
31,0,0,0,256081000.0,180,2,0,1,0,1,3,2
37,2,0,0,46000000.0,26,0,0,0,0,0,3,5
9,2,1,2,500000000.0,60,1,3,0,0,0,0,1
34,2,0,0,16000000.0,36,1,0,0,0,0,0,1
12,0,1,2,495000000.0,36,0,1,0,0,0,2,5
5,2,0,0,75000000.0,60,1,0,0,0,0,0,1
13,2,1,3,243341312.0,91,1,3,0,0,0,0,1
9,2,0,0,160000000.0,72,0,0,0,0,0,3,5
37,2,0,0,187000000.0,66,1,0,0,0,0,0,1
99,0,0,0,20000000.0,11,1,0,0,0,0,0,1
37,2,0,0,113000000.0,66,0,0,0,0,0,3,5
9,2,0,0,119800000.0,72,2,0,1,0,1,3,2
13,2,1,2,500000000.0,60,2,3,0,0,0,1,2
3,2,0,1,500000000.0,144,1,0,0,0,0,0,1
5,2,0,0,19500000.0,11,2,0,1,0,1,3,2
37,2,0,0,500000000.0,121,2,0,1,0,1,3,2
13,2,1,2,125000000.0,60,0,1,0,0,0,2,5
99,2,0,0,395500000.0,121,1,0,0,0,0,0,1
37,2,0,0,384400000.0,228,1,0,0,0,0,0,1
9,2,0,0,400000000.0,124,0,0,0,0,0,3,5
11,2,1,3,74784000.0,12,1,3,0,0,0,0,1
9,2,0,0,92000000.0,35,1,0,0,0,0,0,1
11,1,0,0,172000000.0,77,0,0,0,0,0,3,5
9,2,0,0,100000000.0,60,1,0,0,0,0,0,1
19,2,0,0,160000000.0,168,1,0,0,0,0,0,1
99,0,0,1,395753850.0,240,0,0,0,0,0,3,5
37,2,0,0,121500000.0,56,2,0,1,0,1,3,2
11,2,0,0,54000000.0,36,2,0,1,0,1,3,2
9,2,0,0,25000000.0,24,1,0,0,0,0,0,1
99,2,0,0,22250000.0,9,2,0,1,0,1,3,2
37,2,0,0,197000000.0,165,2,0,1,0,1,3,2
37,2,0,0,25000000.0,15,0,0,0,0,0,3,5
4,0,0,0,466733686.0,116,1,0,0,0,0,0,1
37,2,0,0,108000000.0,24,1,0,0,0,0,0,1
13,2,1,2,110000000.0,36,0,1,0,0,0,2,5
99,2,1,2,150000000.0,60,1,3,0,0,0,0,1
9,2,0,0,286000000.0,119,1,0,0,0,0,0,1
13,2,1,2,25000000.0,24,0,1,1,0,0,2,5
99,2,0,0,25000000.0,36,1,0,0,0,0,0,1
9,2,0,0,51000000.0,60,1,0,0,0,0,0,1
37,2,0,0,967500000.0,230,0,0,0,0,0,3,5
9,2,0,0,104500000.0,60,2,0,1,0,1,3,2
37,2,0,0,138000000.0,60,2,0,1,0,1,3,2
37,2,0,0,74000000.0,120,1,0,0,0,0,0,1
37,2,0,0,1484000000.0,240,2,0,1,0,1,3,2
37,2,0,0,310000000.0,115,2,0,1,0,1,3,2
12,0,1,2,350000000.0,60,0,1,1,0,0,2,5
13,2,1,2,25000000.0,36,1,3,0,0,0,0,1
26,2,0,0,200000000.0,120,1,0,0,0,0,0,1
99,2,0,0,22000000.0,10,0,0,0,0,0,3,5
99,2,0,0,55000000.0,36,1,0,0,0,0,0,1
